date,F,T,n,atm_iv,fwd_flag,a_0,b_0,rho_0,m_0,sigma_0,rmse_0,a_1e-07,b_1e-07,rho_1e-07,m_1e-07,sigma_1e-07,rmse_1e-07,a_1e-06,b_1e-06,rho_1e-06,m_1e-06,sigma_1e-06,rmse_1e-06,a_1e-05,b_1e-05,rho_1e-05,m_1e-05,sigma_1e-05,rmse_1e-05,a_0.0001,b_0.0001,rho_0.0001,m_0.0001,sigma_0.0001,rmse_0.0001,a_0.001,b_0.001,rho_0.001,m_0.001,sigma_0.001,rmse_0.001,a_0.01,b_0.01,rho_0.01,m_0.01,sigma_0.01,rmse_0.01
2026-01-02,7236.568065510909,0.958904109589041,179,0.1534148975339774,False,0.00597765818736314,0.09259319977768858,-0.6122890860286778,0.07015853995164997,0.1158127402188666,0.0024667211786718675,0.00597765818736314,0.09259319977768858,-0.6122890860286778,0.07015853995164997,0.1158127402188666,0.0024667211786718675,0.00597765818736314,0.09259319977768858,-0.6122890860286778,0.07015853995164997,0.1158127402188666,0.0024667211786718675,0.00597765818736314,0.09259319977768858,-0.6122890860286778,0.07015853995164997,0.1158127402188666,0.0024667211786718675,0.00597765818736314,0.09259319977768858,-0.6122890860286778,0.07015853995164997,0.1158127402188666,0.0024667211786718675,0.00597765818736314,0.09259319977768858,-0.6122890860286778,0.07015853995164997,0.1158127402188666,0.0024667211786718675,0.00597765818736314,0.09259319977768858,-0.6122890860286778,0.07015853995164997,0.1158127402188666,0.0024667211786718675
2026-01-05,7292.90756147469,0.9506849315068493,179,0.15167125328670347,False,0.006024357899491769,0.09293392586137972,-0.6119948113830666,0.06675744161430411,0.11565616565213645,0.0022963274197326322,0.006023997274696621,0.09293409318511496,-0.6119914299258856,0.06675955299639037,0.11565849803186962,0.002296313161885637,0.0060207688703732545,0.09293559980736128,-0.6119610767095215,0.06677843855733871,0.11567938086955927,0.0022961869444657664,0.00449713473459,0.09555936930820268,-0.5851184764940142,0.06998045097538107,0.1278001928318919,0.0022390301348963935,0.005764954360570361,0.09324977533415535,-0.6072190179230071,0.06804744249781487,0.11716279420393418,0.0022832679020231457,0.005872604835705002,0.09258322106718546,-0.6114978418882153,0.06947167921294631,0.11582181352549206,0.0023167541559947747,0.0059362226013279455,0.09231034905989745,-0.612197922063348,0.07004090859013926,0.11577439916065134,0.002334073049659562
2026-01-06,7325.608771916619,0.947945205479452,179,0.15636003505303092,False,-0.011319640323952053,0.12101707613987361,-0.33881403944252875,0.11229889908664767,0.2168845521594246,0.0025042452940826463,-0.009728782358487533,0.1186527952197503,-0.35620840670402265,0.10864929856849229,0.2089161911010904,0.002451593951850486,-0.0016380111322112955,0.10552099905425513,-0.4792728343044534,0.08498544554002592,0.168462801286214,0.002207974723173092,0.0033727153439092007,0.09678759560642991,-0.5657999862201759,0.07367119412437396,0.13614097140451759,0.0022055676429088484,0.005581548146584613,0.09306873378358155,-0.6063442757078749,0.06837291900572762,0.11973340487022943,0.002272683472313127,0.0058826531649644725,0.09230334286271265,-0.6110686194544893,0.06919160753610715,0.11615262879963527,0.002287553105005736,0.005920266058700369,0.09203669466738026,-0.6121350590927531,0.06997692716464825,0.11578234244900541,0.0022957388912711856
2026-01-07,7275.698607068398,0.9452054794520548,179,0.1589876256546569,False,-0.011055427931744707,0.12037193749581743,-0.3405511475922938,0.11980668547051739,0.21621683721652327,0.002435994810758554,-0.00875209222930576,0.11741179356301962,-0.35643645930344503,0.11659610928564786,0.20230461952686274,0.002373402116728979,-0.001515890236945695,0.1048636191251833,-0.4805135978645801,0.0934312420262441,0.16835210843063206,0.0021616027518039115,0.0028100238599975728,0.09787376124204107,-0.5492842882639728,0.08291706810981692,0.14017321134965627,0.002133868808693372,0.005663386495654631,0.09319602479056105,-0.6070250337187603,0.07350338608471742,0.12110723314205454,0.0022444460259572366,0.006158300469168976,0.09306527840993639,-0.6116487601841002,0.0705443153253855,0.11682457068455168,0.0023266132450024566,0.0060380902782838,0.09333213786690119,-0.6121937244055952,0.07022403874547332,0.1159551717031357,0.002361764086743825
2026-01-08,7283.995598807795,0.9424657534246575,179,0.15565114537863792,False,-0.007799179164724261,0.11471544395883965,-0.3822583068646834,0.1093998727253032,0.19842855483542077,0.0024256410887270427,-0.009208878565050448,0.11712012975324987,-0.3564125765913668,0.11651840650307181,0.20228081382068888,0.0025274020594675327,-0.0019805585416608033,0.10457791974006429,-0.48049143577662917,0.09335314222830346,0.1683279346417643,0.0022911112614038354,0.001625724265889992,0.09894676497250199,-0.5339478464696497,0.08406986567414845,0.14577753339938557,0.0022337919095937954,0.0051419348426297515,0.09283045819928537,-0.606129643285438,0.07373665546890407,0.12251580923938782,0.0023245001760315957,0.005893602229084795,0.09220123048277294,-0.612291950062632,0.07094845085279065,0.1168271190779341,0.0023899980523035746,0.005995674694694484,0.09229633209834037,-0.6122300850573472,0.07024313538923355,0.1159513563644771,0.002415826746861939
2026-01-09,7292.408570636769,0.9397260273972603,179,0.1530860739567904,False,-0.008059179571071823,0.11448520397903014,-0.3822382102878635,0.10934522693557112,0.1984232713905203,0.0024269270518633883,-0.00916100826589002,0.11621779544524465,-0.35628950218778493,0.11618625308357297,0.20241743643146273,0.0025001020201866533,-0.0034066192711946076,0.10666674447853479,-0.4581036508225696,0.09433233176538887,0.17717789874857426,0.002307039037036222,0.0005074808995981276,0.10004418442630561,-0.5230162557465862,0.08456907556765449,0.15366742673483355,0.0022970169098154814,0.004799565745672642,0.09269341023186252,-0.6035331239811392,0.0734712368574048,0.12428818722996236,0.002419755976254144,0.005687977962384432,0.09168525299528339,-0.6126357198301512,0.07110879972317691,0.11693827143264578,0.0024745483798515933,0.0059287692795798605,0.0915740137560369,-0.6122843525812995,0.07022803117026087,0.11591416148119384,0.0025343923333155066
2026-01-12,7270.0039471449245,0.9315068493150684,179,0.15416787992118786,False,-0.008119236051554155,0.11556108480758862,-0.3824142082368277,0.10972860160135463,0.19832798181712066,0.00244159786993362,-0.009392926922168131,0.11770368939302638,-0.35650599948932,0.11653530980392755,0.20225550326736932,0.002508982999663286,-0.003562562062576031,0.10795079645126615,-0.45826898313634074,0.09474435879699326,0.177057621194723,0.002326996727722933,-0.0002920327369426143,0.10183633880483502,-0.51688578460613,0.087631172355007,0.1584961086756217,0.002288023327601091,0.004470659836992599,0.09382751235129827,-0.6038911471737974,0.07535419661152057,0.12653113633891783,0.002407110582612375,0.005580051094998964,0.0927819551674401,-0.6135940924744033,0.07186958706366216,0.11727595965537725,0.0025293240638908647,0.005895071599371305,0.09267196636646989,-0.6125133968525026,0.0703511253339191,0.11590904063115863,0.0026677846932326023
2026-01-13,7336.5082681450485,0.9287671232876712,179,0.15367098080636363,False,-0.008694054533136627,0.1173660800020191,-0.3815508031296953,0.10396333853295797,0.19812259108515504,0.0023945594600777876,-0.00998399914379583,0.11985452583021536,-0.35553533657101755,0.10944043662215608,0.20234541721469682,0.002478715802364348,-0.004058219123846192,0.10948066176142376,-0.45735840026438457,0.08960731054117463,0.17667392882657976,0.0022454471731298453,-0.0014312250104137746,0.10491841558593563,-0.503150926510657,0.08236597194667142,0.16271944645690536,0.002218073224005573,0.00383462789893714,0.09560115342817598,-0.5980538232328741,0.07082910137814169,0.12784452698468748,0.0023206037470617927,0.005094914962358876,0.09330825888231248,-0.6133289637824352,0.07074009711874663,0.11696976610261724,0.0023829098332494958,0.005696608950399486,0.09250174023405754,-0.612655031835127,0.07012402589851947,0.11568859170555912,0.0026085112855540457
2026-01-14,7213.742112575967,0.9260273972602739,179,0.15864960486097368,False,-0.009048286310822433,0.11800637125389485,-0.3850404342952133,0.11875223866649949,0.19908840352292476,0.002461999465638164,-0.010366937434011715,0.1204930294461533,-0.35923134645121085,0.12421753410783112,0.2033940673397524,0.002536801268907982,-0.0035593261913347105,0.10913076260585505,-0.46354910523006415,0.10445140545635988,0.1707852648471374,0.0022871377617655763,-0.0017509488365419405,0.10597108170423308,-0.5014752880469542,0.0973422445569846,0.1624799637979989,0.002259919302219826,0.0038114942250488866,0.09709255733500448,-0.6025500102797644,0.07959212428482318,0.12952497563414703,0.002399007180006114,0.005300663334846148,0.0961244526569808,-0.6153114680393723,0.07322104439133782,0.11774424834956033,0.0027394215294266376,0.00573554091568964,0.09608240586840504,-0.6131655714178015,0.07054684188806126,0.11575815852028858,0.0030901033084295287
2026-01-15,7289.302830965615,0.9232876712328767,179,0.15436643357967303,False,-0.009159246633004754,0.11759332094682552,-0.3833504574608281,0.11021910604598327,0.19873283287178545,0.0025296302509264347,-0.010515730693155107,0.12011866016928603,-0.3576469690520157,0.11564512322134018,0.2033928473294534,0.0026085725283781277,-0.003709427991200343,0.10872130915309809,-0.4619452982333149,0.0959969994366967,0.17055955408955634,0.002356964290390104,-0.0018971186157028315,0.10537921466876991,-0.49990523227846934,0.08968769519076798,0.1619701596966236,0.00232475313254079,0.003241008009379391,0.09626537926111597,-0.5976391068365394,0.07657962062230432,0.1299823133114051,0.002388139286657732,0.004850942225845869,0.09417941433183008,-0.6156801291212094,0.07296155417192274,0.11750118392235372,0.0024444502817335127,0.005528657788214539,0.09392618931971022,-0.6133030917180033,0.07040863817988947,0.11555210260409676,0.0028007453312597535
2026-01-16,7241.303658131479,0.9205479452054794,179,0.1561670229941989,False,-0.009315721804771162,0.11775730436327478,-0.3847768091190607,0.11588778134242919,0.19910400998368388,0.0025378237388774213,-0.010691657711667293,0.12028137438819848,-0.3592226949482583,0.12129710838288484,0.20392282702257788,0.0026172459792182627,-0.0039010160177575305,0.10896403072711568,-0.46313994234511574,0.10162015583837775,0.17129078357666455,0.002360601678885798,-0.002028168862465907,0.10563987093021715,-0.5008208646640698,0.09485607681492414,0.16255688930927795,0.002325317797410981,0.0031702478626836612,0.09695687367180839,-0.5971372078671261,0.07975785750947907,0.13101036454318513,0.002385165287584237,0.004852716195663908,0.09515170655001015,-0.6167766445465663,0.07419677265836347,0.1179157289353226,0.0025533448868066528,0.005472260326210408,0.09518094392346221,-0.6136538423266541,0.07061811924183208,0.11551156570879238,0.0029729924050640706
2026-01-20,7161.1660304737,0.9095890410958904,179,0.16203621373887372,False,-0.009310792204050228,0.12027839668519989,-0.359009984225958,0.1251330169396326,0.19618938124607788,0.002501952171374368,-0.011288671123782621,0.12347227316825916,-0.33453421219191043,0.1300686721612762,0.20555937182455122,0.0025882597471218634,-0.0027619668912722533,0.1092432153172456,-0.4556805890570508,0.10781846762813418,0.162725460049071,0.0022539930787250986,-0.0014458289651918814,0.10689915732749496,-0.4843531617631081,0.10201742262841701,0.157385516832432,0.0022274651384777454,0.00356732964085711,0.0979441345453137,-0.5929673764361643,0.08412528495151188,0.13077514253525524,0.0023878751212374765,0.0052522993019966605,0.09637924634217063,-0.6174038984389003,0.07625022700727706,0.11866254833174711,0.002568132065343192,0.005598527345009741,0.09733950245306283,-0.6139492095369176,0.07110490820559186,0.1157091524812815,0.002964795905375287
2026-01-21,7206.648171520334,0.9068493150684932,179,0.15896606856803516,False,-0.009314480812197927,0.11806221838424903,-0.35750796311607835,0.11760950218976345,0.1968246340651439,0.002522607844868335,-0.011260580250630698,0.1211731216774093,-0.33301999114190445,0.12267426880646237,0.20617861626220926,0.00259003148050467,-0.002834128459694171,0.10725728158579884,-0.45411205172541974,0.09973002852987926,0.16337516502680574,0.002355640261002077,-0.0024117808315718067,0.10601648472293816,-0.4735252873244208,0.09642412185555171,0.16352745288484233,0.0023505607370661106,0.003122246922246104,0.09589370893610628,-0.5850521700956051,0.08068310579040308,0.1310540633054995,0.0025364042839753974,0.004908364821770084,0.09302524528259562,-0.6170043074559804,0.07581772264578385,0.1184986093251999,0.0026369822495484504,0.005469030688914362,0.09369412758796634,-0.6138894845682362,0.0710343352434012,0.11562995539833844,0.0028205849022956025
2026-01-22,7245.453714494002,0.9041095890410958,179,0.15369062694361138,False,-0.009445561363434963,0.11807417937983693,-0.3567232051103798,0.11182896519003953,0.1978783786830224,0.002541692443236291,-0.011390058283248449,0.12117671252763461,-0.33223712495178914,0.11694384029585363,0.2071704312129722,0.002602207839590959,-0.00296371575009885,0.10729586159386588,-0.45325142034880705,0.09377243703238643,0.16465110497780766,0.0023947204489466246,-0.003591063607135597,0.10747953196396956,-0.46891181135548426,0.08993177846722339,0.17383825106173037,0.0023626637480761536,0.002798168585118536,0.09627587605128386,-0.5783009318173126,0.07609445266985021,0.13289656111122114,0.0025261860496682597,0.004650610386725595,0.09232716586369102,-0.6158181929443325,0.07451776035785124,0.118447044606427,0.002704514224486721,0.005333005704727207,0.0923252048983599,-0.6138977487151202,0.07087576632217746,0.11551252389279494,0.002740512027232883
2026-01-23,7243.431419167968,0.9013698630136986,179,0.15473762936695667,False,-0.008798259437554431,0.11623199280358766,-0.4079554876785224,0.10082785269559406,0.2018356586008324,0.0024546993265645847,-0.00828001120629587,0.11521545189288593,-0.41585986756005616,0.10007396180778005,0.19929471095435142,0.0024469139246025293,-0.003201098647722703,0.10854084977284888,-0.4534096777398896,0.09405732252755448,0.16458762340079072,0.002440700220001858,-0.004178752994083702,0.10878492778389491,-0.4674339032647065,0.09210484149718955,0.17574188903250526,0.002383232492298483,0.002447878125011558,0.0978277712822291,-0.5762628256943778,0.07561393101043738,0.13511148329375766,0.002475308144740277,0.004513070273394303,0.0936119044086215,-0.6152877698256551,0.07378623414069523,0.11859868226436765,0.0026095531089742993,0.005233682438043625,0.09326117506196345,-0.6140757574183165,0.07083493152349903,0.11542226582596174,0.0027271895005370602
2026-01-26,7284.159147021607,0.8931506849315068,179,0.15691365613236813,False,-0.008905148918977753,0.11619559680952708,-0.40795309844266564,0.10081371927199695,0.20182641920380212,0.0024916005498282776,-0.00838628713281734,0.11517910516529381,-0.4158570691437713,0.10005809695306891,0.19928552177094913,0.002495060813872334,-0.003315659625440471,0.10854344778627786,-0.45341282115646864,0.09404022833281177,0.16458872718474712,0.0024598028242521167,-0.003428627141750858,0.10798828913035326,-0.4854206012574714,0.08561465181069075,0.17289898665383385,0.002365174692338762,0.0021127299475922593,0.09866097102804625,-0.573913637958957,0.07366045297683468,0.1375466426371607,0.002429692755354086,0.004365616723456987,0.09400894560899846,-0.6144733524705692,0.0726758788181399,0.11880140926401771,0.002586249813723629,0.005112775417818256,0.09338086264711362,-0.6142011041207456,0.07069152211439973,0.11531690603046006,0.0026589329954068695
2026-01-27,7330.503006369829,0.8904109589041096,179,0.1575061728339231,False,-0.007632718285967687,0.11547315645241392,-0.4198071580197538,0.09475232108704253,0.19439230079921882,0.0024452465274923604,-0.00570356914088347,0.11224644370817803,-0.45370686121251774,0.08742394331240876,0.18624056498616182,0.002410448914173511,-0.013377219692572518,0.12483298175629688,-0.3416462746221763,0.10953548014422274,0.22033889802059153,0.0025905230798985387,-0.004193439985031233,0.10993833761101886,-0.4730036998972205,0.08429426906898026,0.1774465153629538,0.0023938952398069404,0.0018999682866301755,0.09974562440365636,-0.5691233643850108,0.07110062785194685,0.13958631115696557,0.002475837837320238,0.004299890269224713,0.0944952415967915,-0.6131219616377607,0.07128645960126838,0.11903327260167477,0.002701040134487876,0.005007603277141908,0.09361104338401316,-0.6142021005470694,0.07049332950396196,0.11521624037517923,0.0027056513514385223
2026-01-28,7283.5266263549,0.8876712328767123,179,0.1596435295439421,False,-0.00771184571472803,0.11613129476934018,-0.42106887833899914,0.10060287235756689,0.19478812867730894,0.002406701813218282,-0.005788981290396807,0.11280293420668505,-0.4549707359107963,0.0941675808457986,0.18665515123466309,0.0023891656144250256,-0.013489947867790291,0.1253819837296268,-0.3434066261716812,0.11624372781579011,0.22064756345056463,0.002556441678507635,-0.0042626914698506635,0.11081204340633577,-0.46723927450461766,0.09185167961129523,0.17671260470209116,0.0023613417850093343,0.0018415457415696557,0.10082530624955341,-0.5702851419713092,0.07514232209198561,0.14147411871306972,0.002462805039323089,0.004504821266493452,0.09616452542890358,-0.6129800982835045,0.07164260011544743,0.11970156170114461,0.0025797533479902032,0.005038360344705147,0.095601772149325,-0.6143641148984943,0.07061145168518275,0.11528415188759801,0.0026402317768828014
2026-01-29,7310.498556592732,0.8849315068493151,179,0.15817677192739824,False,-0.007731166380973889,0.11500346375210596,-0.4209129180662931,0.10026418328078422,0.1948908494529992,0.002515991856278273,-0.005824778173127458,0.11170126542572627,-0.45481908811780075,0.0938500719038903,0.18673622154198213,0.0024916748779494763,-0.009074233665202547,0.11765465987219127,-0.39842355860973305,0.10318188975473706,0.20076934311778807,0.0025242082760033348,-0.004871204092233645,0.11104335837172008,-0.45614373281768966,0.09240433986349088,0.17928109286968458,0.002426175453726873,0.0015914574095183432,0.10007464806038104,-0.5674105608354056,0.07535567184865294,0.1423427710496234,0.002461567052156064,0.004421728125817953,0.09516440927153252,-0.6125406264835449,0.07136135827259563,0.11992928181458959,0.002554997229032948,0.004982375445385815,0.09462142340961005,-0.6143632281912295,0.07054605977266533,0.11527116973071262,0.002589469970687641
2026-01-30,7283.684757357206,0.8821917808219178,179,0.15959394240001265,False,-0.007796079568807137,0.11580712722107446,-0.42100297059908326,0.10041666566859449,0.19479844163084187,0.0024077092968287604,-0.005875986775342075,0.11248384281604817,-0.4548927400068138,0.09399471633284115,0.1866416395540748,0.002373643366672981,-0.009145957306981648,0.11843355292922174,-0.39854556745575304,0.1034468351854194,0.20068987077090686,0.0024465402720477343,-0.005536989402367687,0.11229655490695205,-0.4520486149046571,0.09471352602653811,0.1830887312060602,0.002359363795144958,0.001381741695823224,0.10079982473656754,-0.5665786744863985,0.07658277378631156,0.14383065424651667,0.002394388102517122,0.004398353496398911,0.0958519006155564,-0.6126666044351136,0.07149850181210088,0.12031969672499976,0.002520515012265194,0.004968050711161339,0.09526928489665329,-0.6144812005692336,0.07059300421140524,0.11531058769582882,0.0025900661407873607
2026-02-02,7317.902606184446,0.873972602739726,179,0.15513547419207804,False,-0.008079948275576548,0.1144722646308501,-0.4208270274237457,0.100012052933187,0.19489573654257664,0.0026599024552536876,-0.006180821302000609,0.11118152507259332,-0.4547259384757814,0.09361118378345122,0.1867202135529531,0.0026510927151180206,-0.00917380201987534,0.11747305500428713,-0.3925829546092319,0.10246437399728844,0.198495427136432,0.002616522604450369,-0.006333572918618925,0.1125782245830057,-0.43923496867260525,0.09393330234812128,0.1852721618797607,0.002556634364174859,0.0009488957610117366,0.10019510594465417,-0.5621933910190364,0.07513320554036876,0.14419605350715525,0.002617515050174131,0.004076113579239526,0.09468002961831534,-0.6121984398992275,0.07078201390979669,0.12017842107771927,0.0027388791301093075,0.0048239814433844175,0.09372579653391525,-0.6144652913394415,0.07039946581550952,0.11517859811800224,0.002833810237054717
2026-02-03,7270.28370936673,0.8712328767123287,179,0.15683216048494283,False,-0.007756524160698803,0.11454884352101403,-0.4208255580722369,0.10003038508585245,0.19492423832452885,0.0024922829905415036,-0.0058553263866464615,0.11125416592351686,-0.45472309161027735,0.0936297353792192,0.18674665351169792,0.0024961073833165426,-0.008886044398023457,0.11758459165416428,-0.3925904241915896,0.10250009697844746,0.19851979818017873,0.0024940647079925815,-0.00634543425532175,0.11288727922328166,-0.4261053041999776,0.09903282357572636,0.18521805120112578,0.0024402042607480543,0.0011006015217996934,0.10026084595350801,-0.5582126123711841,0.07679839080678504,0.14542880376253492,0.0025397321141864037,0.004271206894445967,0.09486702538839467,-0.6116105497601729,0.07104531511358775,0.12074799678715482,0.0026789330435413737,0.0048413151230754774,0.0941926305196884,-0.6144773289163091,0.07045150774641118,0.11523902407117498,0.002704248528365889
2026-02-04,7043.96322049621,0.8684931506849315,179,0.16951800664995637,True,-0.0074217314406101915,0.11462066636184842,-0.4260204499850768,0.12577926954769472,0.19616095740137804,0.0025048631454009313,-0.0055350613545489345,0.11137119350340706,-0.45955151768139657,0.11944616917433157,0.18809178557183637,0.0025036465708185526,-0.008736368026442435,0.11711065358358289,-0.3988949122126421,0.1311113416707376,0.20056811352176385,0.0025147500323787764,-0.005252765317706625,0.11210821303764258,-0.4380448976571756,0.12328314094717722,0.18102748851735187,0.0024079082234285845,0.0017417908928934287,0.10142323037324465,-0.5689898847700301,0.09493921640861124,0.14720738821615456,0.0026854990020374076,0.00528027891888402,0.09877107596720397,-0.6154135121227599,0.07702124019452565,0.12299748650156514,0.0038839563016046606,0.005336291171089271,0.10031841819123528,-0.6150590475291767,0.0717159429893673,0.11600486303022274,0.004753900729496816
2026-02-05,7003.819079200852,0.8657534246575342,179,0.1761318469194206,False,-0.0067368146372256705,0.11481796906276844,-0.4260241469877907,0.12583536652820806,0.19621718341335154,0.002407745455976076,-0.00484920579110571,0.11156325758082661,-0.45955412655273636,0.11950376635307453,0.188145011587561,0.0024268067832805204,-0.008051338850657667,0.11731301656612723,-0.39890017532159167,0.13116774408263418,0.2006272504636323,0.0023902834176440495,-0.004745040681149776,0.11247375249620584,-0.43007517637898995,0.12569789081160285,0.18208543295854368,0.0022978861177438185,0.0022524823880255567,0.1004923565309012,-0.566610038140407,0.10100088607075143,0.1473814780271034,0.0024572761428731152,0.0058723119369664175,0.09776511321138989,-0.617912260753765,0.08131205641713947,0.12443989838732405,0.003356960262495189,0.005801720447557331,0.10086511591343066,-0.6151737225083245,0.07276129785428936,0.11679608650760821,0.004642654329863157
2026-02-06,7233.463258907453,0.863013698630137,179,0.16240375622837788,True,-0.009412638545605888,0.11741980394998147,-0.3861867166778096,0.10942346698026266,0.2031746214050768,0.0026098835692554556,-0.008251793741874115,0.11562717318097117,-0.40078213510056016,0.10656718471900394,0.19743769939392408,0.002583906170625132,-0.008677546315619108,0.11631090770089418,-0.39385098571805927,0.10792777410793107,0.1994024944659734,0.002594339236761658,-0.006513897577898981,0.11294243009015588,-0.41711907457118114,0.10484472844500717,0.18663602814908117,0.0025577565021189723,0.0009256801183215637,0.09904120005136959,-0.5506161462632067,0.08776931341904559,0.14527888138404646,0.0027435049520624457,0.004571222503732742,0.09265695884531339,-0.6172101457982436,0.07891810678452742,0.12283881086227363,0.002945768826727253,0.005514433415110852,0.09342604543896771,-0.614949745308707,0.07239562146031005,0.11654967756493911,0.0030525265303616906
2026-02-09,7241.934491516771,0.8547945205479452,179,0.1602117565509541,False,-0.009626507050852563,0.11744305185924782,-0.38619642099719376,0.10943022123293829,0.20314641728246507,0.002594927173547001,-0.008650366251986895,0.11601671279291015,-0.40085267145388803,0.10670641049353793,0.19736867003036196,0.0025455831902523878,-0.0090933379427457,0.11676075065144251,-0.3939306531841136,0.10807672910655718,0.1993233509356743,0.0025562923653418123,-0.0075110317616643866,0.11392529198390261,-0.41840876718755204,0.10424426120109932,0.19202998969081986,0.002525274541241321,0.00044578478118062785,0.10047827682146182,-0.545451941880455,0.08500617635402728,0.14667842286541372,0.002557441003968168,0.004070517401824816,0.09357522177067376,-0.616618362921047,0.07779890474164301,0.12242940311500997,0.002790789096318746,0.005315990646215505,0.09315745064459235,-0.6152148785483286,0.07228369150784757,0.11634025359756443,0.003166696922656194
2026-02-10,7280.214485208928,0.852054794520548,179,0.1614172144323617,False,-0.009956506326834645,0.11735863508408402,-0.3861860383834015,0.10936643250599526,0.2031126929531815,0.0026777064461445763,-0.008904153476445886,0.11580197608982681,-0.4008068612741271,0.10653082068818205,0.1973592283263498,0.0026530471885692097,-0.007298923075290979,0.11403079233267899,-0.42614497499386267,0.09723051358042419,0.19137894580410836,0.002505249562514815,-0.008032085242609262,0.11560165301879877,-0.40938272299321754,0.10006188365349422,0.19333637584510252,0.002506419681437066,0.00013698959462047077,0.10156334268086348,-0.5392047368245251,0.08085667041883954,0.14787509210948047,0.0025565807713908723,0.003792018034699019,0.09387986474239383,-0.6150109073997101,0.07604433279518868,0.122246590250939,0.0029217052617520377,0.005105556309692564,0.09289097964646506,-0.6153405468796125,0.07204687092528564,0.11610320876856774,0.003047978802356935
2026-02-11,7250.286643748666,0.8493150684931506,179,0.16438295567906172,False,-0.010027792959219132,0.11830078648832627,-0.38627524693346776,0.10945404842304007,0.20299330278059247,0.0026759124412978836,-0.008878556221725132,0.11650190373912783,-0.40087315478835633,0.10661661211820574,0.19728432037802723,0.002647730849950336,-0.0075860872506617995,0.11454401971931524,-0.4219994788848514,0.10143269155945735,0.19196262920143017,0.0026130795512238542,-0.008008778032753247,0.11516856705134984,-0.418304204143073,0.10178397874862369,0.1947111069003501,0.002622878131607888,-7.742098042253801e-06,0.10224226427203875,-0.5381728264341075,0.08224472751386794,0.14921618077473134,0.00262831695820248,0.003799724523937858,0.09480568483443909,-0.6139896422689426,0.07551419606000721,0.12252529107411732,0.0028518071706883216,0.004988711313199947,0.09384364483112,-0.6155565206538709,0.07200763280907904,0.11598532688365308,0.003018374208957847
2026-02-12,7807.446328515004,0.8465753424657534,179,0.1403712742593233,True,-0.03338159328675284,0.15137721580359492,-0.18180092692638722,0.08088114763082473,0.31008791125750074,0.0023072665553216633,-0.01941512370808003,0.13204970265273533,-0.29546842164112375,0.050104023701276035,0.2577188929566986,0.002040359512656583,-0.007030373061423555,0.1141613481436679,-0.4086942277782701,0.029230298150440804,0.19521764856165663,0.0020162355049449334,-0.010031366242557124,0.11869398913677949,-0.36517130225334005,0.03980413329191407,0.20841695436485527,0.0020428919487449717,-0.0007821645471810003,0.10007765007820604,-0.49067285326751314,0.03697498114012812,0.15027713071675797,0.0036081632291683663,0.00227624248554671,0.0848197529094664,-0.6044439956264527,0.06283037801595369,0.12099592218453663,0.008848052842616123,0.004161749257346622,0.08061274711980762,-0.6143713464118048,0.06982766903818596,0.11525004681544009,0.009513783690683623
2026-02-13,7117.071986866183,0.8438356164383561,179,0.1677166654119444,True,0.004334581083159137,0.09589909889745454,-0.6166587540278322,0.08643689841547691,0.12194307212701676,0.00274332556737832,-0.009427762271168167,0.11937350888998498,-0.38410720736923853,0.1227021116784264,0.19928409150083556,0.0025540235200520157,-0.0024276838150619896,0.10782588959554153,-0.4885607546738621,0.10410005563348503,0.1637288800046327,0.002450468361083909,-0.007766700304994022,0.11682030445074093,-0.4236080602050078,0.1104764949766145,0.1963564890685488,0.002565666820721437,9.132469924847859e-05,0.10732315773382088,-0.5329665309239876,0.07926885695444139,0.15648339030723227,0.0035543416276650345,0.004306118728298102,0.10046459762057725,-0.6073559159377769,0.06937837064710153,0.12459569931659858,0.0037330196632225643,0.004782103443740984,0.09845917865616655,-0.6154052485083685,0.0712008875094958,0.11596928679802562,0.003931304518546388
2026-02-17,7176.185955858095,0.8328767123287671,179,0.16718257955678104,False,-0.035454753509989514,0.1509925751562616,-0.2056741834704915,0.15413927283954656,0.3200291346421369,0.0033923125048587145,-0.009408598158476928,0.1171761907588316,-0.3820876170155316,0.1142506327656495,0.1991534695941153,0.0026271823949588964,-0.003920796451109796,0.10785683483410778,-0.469060046771824,0.09883620626957622,0.17225682327419395,0.002568198852411455,-0.00811407149068747,0.11502717450172857,-0.40043541610020866,0.11114574842981331,0.1927689932755196,0.0025989012834215296,-0.0005258721987437174,0.10260020022833352,-0.5335731067474273,0.08486953113926415,0.15601022653210295,0.002703935210951198,0.004126377041133656,0.09587471031353485,-0.608361014866894,0.07093151003357107,0.12486910777508124,0.003109929633896787,0.004771359431297551,0.09504548217212547,-0.6152836236976388,0.07128374076670892,0.11606441187067106,0.003092836706848903
2026-02-18,7198.657576958879,0.8301369863013699,179,0.16108097530888252,False,-0.035973395152524394,0.15178100810983539,-0.2057611872504255,0.15421317375361457,0.3196292001289838,0.0034213198504245506,-0.009876024819389559,0.11793603696000665,-0.38215956298395437,0.11425994979828144,0.19900938634723775,0.002646166651672827,-0.004349395073988099,0.10854660825967308,-0.4690955349114353,0.09880250220111948,0.1721362807482649,0.002599554995446454,-0.008905092358953644,0.11676946613737854,-0.39609920353119815,0.1095032665253994,0.19506834113921537,0.00259246937825672,-0.0010113066613152565,0.10339889430056715,-0.5298836393801964,0.08590577105067283,0.15553642285337876,0.0026622383525857457,0.0037888797922947743,0.09612585727358317,-0.6092030134621542,0.07176497997147224,0.1247775539770524,0.0030233332229941162,0.004713771464376078,0.09486313031794474,-0.615409928122831,0.07135211557378984,0.11603909680820185,0.003109073667756841
2026-02-19,7186.621464020702,0.8273972602739726,179,0.16538468305545578,False,-0.012553892263364303,0.1232416565444756,-0.34648248419489464,0.12297525991568181,0.21035538863881093,0.0027613082767245735,-0.009925272579053582,0.11916753815070016,-0.3823197804162081,0.11458978945191087,0.19885366366762125,0.002670400633814774,-0.004348480602175856,0.10970448154333497,-0.4691993147384526,0.09905730755367725,0.17200965679275668,0.0025984357248432094,-0.0087757597943531,0.1173297069620209,-0.39958776768534754,0.11116617569376251,0.1932540127615224,0.002636283715287701,-0.0011240424767698372,0.10420860413508345,-0.5275062436950719,0.0890932246976086,0.15528812440016285,0.0026790182521083386,0.0037195157745601917,0.09707465475753094,-0.6101307652355171,0.07324247163728244,0.12499026456929231,0.003062915402870739,0.004709953713714974,0.0959890585284125,-0.6156280386996599,0.0715773186350626,0.11607118396672661,0.0032249004732584313
2026-02-20,7247.549595207411,0.8246575342465754,179,0.15930073081072055,False,-0.012748541948000264,0.1227146203147517,-0.3451701766062445,0.1170845753623923,0.2103362148663084,0.002784291929524462,-0.010150779741268946,0.11842402100346873,-0.3811700962923023,0.10973934127365441,0.1988064669427131,0.0027199593793591067,-0.004583711686512173,0.10906800201406465,-0.46785648918494627,0.09391012420400527,0.17180536695154186,0.0026897039393403654,-0.008956961537983392,0.11643830635855124,-0.39845264786657963,0.10651737376551333,0.19317285087187538,0.002698678373024935,-0.0015788011769445598,0.10368586044240531,-0.5206384206870305,0.08664826624070857,0.15491512974048205,0.002771005874461787,0.003291278674402922,0.09553569704850982,-0.6099614801504638,0.07300072498654159,0.12465156672525325,0.003070016045607746,0.004529290140672732,0.0940788400337828,-0.6157090398214404,0.07143782604728134,0.1159022833504299,0.003291427398528374
2026-02-23,7179.509669255474,0.8164383561643835,179,0.16907306112854126,False,-0.01208210624976624,0.12239093001103875,-0.3464437907423954,0.12310294400518167,0.21030078615633016,0.002750453459966612,-0.009448303533800361,0.11797794877435984,-0.3822921700119065,0.11605746943878134,0.1987386417468157,0.002677882094975329,-0.0039377084693872,0.10871627549379885,-0.4685505500918155,0.1003617937038271,0.17184295268460703,0.0026191821423627516,-0.008470379087290382,0.11646422684345317,-0.39551483802040577,0.11324047170002816,0.19382875580527598,0.0026463570700258595,-0.0009708912420644715,0.10408714307843368,-0.517397648878076,0.0909941825280906,0.15543267172893657,0.0026541741440346558,0.003804111823663777,0.09653716429977742,-0.6097011699243412,0.07475613178266412,0.1255295899823937,0.0029997922069695897,0.004673599469181551,0.095948399891984,-0.615826610352171,0.07181258636213586,0.11612903558321146,0.0031659354352351655
2026-02-24,7231.881931701382,0.8136986301369863,179,0.16495855205524634,False,-0.012325361700426257,0.12222264152480836,-0.345088113469792,0.11633280592432145,0.21035656322619248,0.002779072194014302,-0.009730526516060411,0.11797019129228496,-0.38082151826647237,0.10901696947740348,0.19871286611508876,0.0026973809435600444,-0.004891147423093143,0.1097204379289839,-0.45817898916312816,0.09479465091934558,0.17585488397361662,0.0026334918792785683,-0.008733064650286854,0.11630877231071794,-0.39410375424829486,0.10673758237246732,0.19378057746205765,0.002674329172247099,-0.0014735137146478013,0.1038096302585956,-0.5112486531306248,0.08773678842141068,0.1554920778900706,0.00266522247851767,0.0034667232473930814,0.09499844220143697,-0.6089790748591905,0.07417351409903489,0.12524963345275242,0.002959947652252902,0.004572625153857414,0.0939781493107739,-0.6157666891845138,0.07171175086880102,0.11605982678173707,0.003016995166678649
2026-02-25,7253.895449280257,0.810958904109589,179,0.16332295185837525,False,-0.013156269842813248,0.12284379302662966,-0.3451639893815489,0.11626854253016536,0.21020847430025807,0.002912137284065602,-0.010547120715998925,0.11857134992301865,-0.38088572721722463,0.10894943847561465,0.1985756924743115,0.002822288860577658,-0.005685559300601659,0.11029602948133467,-0.45822083278815856,0.09471653014067975,0.17573230577559995,0.002738749121218927,-0.010644061465334037,0.11877498697428539,-0.39653994221752303,0.10206742856618117,0.20311920432059388,0.002745828670492289,-0.002301714706326575,0.1052299925826207,-0.5087564983978424,0.08452914124605265,0.15687458352910585,0.0027248857469233515,0.00288582341463547,0.09551593662416064,-0.6085321436218377,0.07292753364208654,0.12476771453549568,0.003046103700704151,0.004339722995262683,0.09350591668898076,-0.6158973252503639,0.07145363989903575,0.11581066092207942,0.0033708281947623887
2026-02-26,7188.861879930909,0.8082191780821918,179,0.16390272288808128,False,-0.012878850735854442,0.12378475645647757,-0.34531031202388385,0.116556313316746,0.21016822879919217,0.0027375859476979516,-0.010247915321490981,0.11947947560972601,-0.3810118588002117,0.10921850179010106,0.1985449367790376,0.002642261802940505,-0.005344750075404647,0.11114028172875337,-0.45830697757919747,0.0949421078247857,0.17571346611024755,0.0025500088639077503,-0.011288694994482377,0.1201722166668529,-0.3883370280588759,0.10715752608076617,0.20821946743450329,0.002651590122234795,-0.0022610315804720083,0.10595706820828896,-0.5084372270028987,0.08681864174841197,0.1588164182716189,0.002586414754586487,0.0030183972662500796,0.09667488466682825,-0.608158978579472,0.07330013715475596,0.1253154229146258,0.0028980540710269267,0.004295787531144912,0.09497924955106066,-0.6160985967925965,0.07151863312926306,0.11579324955897682,0.003052497106383624
2026-02-27,7137.570584826976,0.8054794520547945,179,0.16785835658914752,False,-0.012139663223782876,0.12258178329529967,-0.3583716465141936,0.12231850928930389,0.20720864514874682,0.002717575275669088,-0.010355290904009272,0.1197065562999288,-0.38278760834724995,0.11718603078088166,0.19916988090822507,0.0026583159855317097,-0.00544246785797712,0.11146004281426711,-0.45963595521621686,0.10278354256790553,0.1763966909846426,0.0026003585370777387,-0.010736402669534779,0.12016934868701672,-0.38356911035974867,0.11637968359552828,0.2025300935952744,0.0026734667845490006,-0.0022305747920742967,0.10661178123603399,-0.5095312916298653,0.09250615871121504,0.15934460028171615,0.002655456441477408,0.00323219515621619,0.09803737244734886,-0.6083843260710254,0.07505741799954298,0.12596138621113803,0.003111012707518312,0.004364187018403226,0.09697937338355045,-0.6163396703933988,0.07186575901680176,0.11592769571405417,0.0033624838979204206
2026-03-02,7176.857630317717,0.7972602739726027,179,0.17027683694348314,False,-0.022914661797842913,0.14027101505281606,-0.25107889875611655,0.14275969790684823,0.252049351635534,0.00311419959499667,-0.021743517233047453,0.13866130097038687,-0.25992403767171995,0.1404244963216329,0.24723701654446062,0.0030738037772040164,-0.005689321788874752,0.11227789135349232,-0.4596570443512432,0.10267734378490315,0.17625655590047426,0.0026984944865344317,-0.011052238188323545,0.12204417372165588,-0.37809332754772496,0.11437471213134646,0.2019752494924248,0.0026845633728870273,-0.002508669955464972,0.10783709174592106,-0.5049222587384956,0.09221755880810183,0.1592427774087409,0.0026311514279955496,0.0031041254016781006,0.09852078311349766,-0.608303370429036,0.07550426513700552,0.12603879983805527,0.0029982850852823717,0.004341729777724045,0.09743139771462035,-0.6164830574186501,0.07200345133573474,0.1159511133317339,0.003186549935654528
2026-03-03,7247.839307387174,0.7945205479452054,179,0.16140334714865195,False,-0.010452110393167208,0.12240910754558249,-0.34990194918064454,0.1087717657727431,0.19478091821808177,0.002580976363360479,-0.008915672441586833,0.11976645639402242,-0.36900710452383617,0.10579923318395178,0.18697577344299454,0.0025361662193933076,-0.003193943904519356,0.10983793914230608,-0.45808607864418976,0.09005598438890573,0.15807669907810548,0.0024770901728325798,-0.009422558399060971,0.12012295054818789,-0.36648465859928636,0.10768780115945199,0.18975228932968524,0.0025832069111190585,-0.002464996580051153,0.10739592490090925,-0.4895980386888575,0.08632955566822406,0.15770959638666188,0.0026806925633337205,0.0029496785543474094,0.09646904344455451,-0.6054493339001282,0.07381822307912864,0.12557565089392214,0.0033553059073971893,0.00422281336217442,0.09491236813229659,-0.6162073043290255,0.0717267406852903,0.11582417266137686,0.0032379594671221273
2026-03-04,7169.6969611530285,0.7917808219178082,179,0.16464583116453338,False,-0.011136094620168886,0.12192040950353873,-0.35240532194863156,0.11876778414164921,0.19612932660290208,0.002727529858307319,-0.009536828444627617,0.11890729049911955,-0.3864019222711463,0.11074864165864416,0.1918493193395654,0.002662877774146118,-0.0038959741100936173,0.10969513659690217,-0.45979972714003486,0.09899901095464633,0.15994207312546938,0.0025686420756773397,-0.00983668515689513,0.11950888063832174,-0.37799774503621414,0.11295780870372664,0.19198048100921045,0.0026677941063745006,-0.0028126642622121763,0.10783129461459216,-0.4906386287947412,0.09104870590652452,0.15794440307224392,0.002657887393530414,0.0028470608576782286,0.09759258182415109,-0.6051936519252413,0.07433785965885989,0.12554702469249993,0.003112735020158058,0.004165852669849928,0.09587479457920961,-0.6163547417810245,0.07181147917326317,0.11577733195105495,0.0032768279149518833
2026-03-05,7157.76629721169,0.7890410958904109,179,0.17033691434284265,False,-0.010914750524016938,0.12346987962846404,-0.3526059699817605,0.11918616811280076,0.19594725459866308,0.00273770530526943,-0.009333837525081441,0.12047281276686399,-0.3865929631955697,0.1112046618324632,0.19165593935279965,0.0027345948497205013,-0.003576741044006796,0.11109009243640797,-0.45993494615761193,0.09936198117331227,0.1598254159814389,0.0026462433675533757,-0.009421894644606476,0.1207835677886846,-0.3701611749069988,0.11691206685966574,0.18860972024210843,0.0026993437881377303,-0.002672115312529772,0.10901829343696347,-0.4866473179444012,0.09494727333506461,0.15731822031930962,0.002743659145862285,0.003050472924604952,0.09902289174321596,-0.604608694182166,0.07552679960959559,0.12583493619749614,0.0032958469928351507,0.004232454000238076,0.0977333774039506,-0.6164515125836681,0.07208955749637976,0.11587368393542465,0.003397481996339435
2026-03-06,7114.367835472744,0.7863013698630137,179,0.17834269086636503,False,-0.010498531596127228,0.12913380876352754,-0.3362615286852625,0.13320061221270507,0.18959394422240458,0.0026984988195517764,-0.011300697743336419,0.1306460443970281,-0.3281803983780508,0.13405940795939003,0.19338020699391467,0.002726952660080828,-0.002538029962945036,0.11528632688850142,-0.4516840668926867,0.11204562885350149,0.15174786319191405,0.0023827469503868858,-0.008703029439321486,0.12587682729415897,-0.36760945301856784,0.1259788877092559,0.18350587460322795,0.0025870287248254496,-0.0020842531689222793,0.11407277320883345,-0.4858099553913563,0.10266564058353785,0.1562686066625982,0.0025463699850468502,0.0038000427851472836,0.10468004579181724,-0.6050897164463284,0.07882892890272339,0.12688658284975787,0.0032275451955042635,0.0046344383602442765,0.10455041426931584,-0.616793054630672,0.07304462716086041,0.11641732272585403,0.0037523010013200474
2026-03-09,7177.695831372801,0.7780821917808219,179,0.17329099015519445,False,-0.010545482521696738,0.12441581292095631,-0.33403119657609753,0.1241540001302144,0.19006515938863575,0.002906602870328275,-0.011296826628764184,0.12558756644942592,-0.32606508509030424,0.125772807253609,0.1938724076057765,0.002936539872432715,-0.006883909551506274,0.11797960019434518,-0.38747454235874973,0.11397966610771129,0.17318623107923503,0.002776244541122701,-0.008788351138149101,0.12098982097147454,-0.36544461723971483,0.11811006720866368,0.1834883921614259,0.002841570513059029,-0.002516131308797199,0.1093404352603574,-0.47563716290925484,0.09931564178557016,0.15430376085290165,0.002851401831570968,0.003266670436216106,0.09866210278106673,-0.6039227840591895,0.0784010078561187,0.12598565980375706,0.003470329879473626,0.004497064942004504,0.09814146740616846,-0.6164651219292284,0.07290681389283382,0.11632283436248612,0.00353224631163398
2026-03-10,7161.747148156145,0.7753424657534247,179,0.17477377848074768,False,-0.014456317467737251,0.1478220597241249,-0.14312369464655522,0.14766013764578545,0.18526142866097248,0.006858417400136848,-0.013669832319033954,0.14637331792332336,-0.15168465605343218,0.1453443441420369,0.1821350347966579,0.006845769554657796,-0.007890472723720439,0.13490498725880412,-0.22271819321998976,0.1293916097840118,0.15809227511570811,0.006784213381442689,-0.007222692149823552,0.13214299404601076,-0.2569101734263691,0.12186860947728145,0.15997440493957027,0.0068277267467101044,-0.0012144786469232382,0.11616886084962812,-0.42633709787697727,0.09195819900808273,0.14635464350492566,0.007612783456918207,0.0040385244880192465,0.1015278488910853,-0.594052666791182,0.07583133687585636,0.12524762204922127,0.009328243595579275,0.004771425307724673,0.10029903720594341,-0.6154250814972637,0.07288679351649581,0.11651296516610798,0.009497548696252692
2026-03-11,7172.341564730856,0.7726027397260274,179,0.16954307214200334,False,-0.021029068828391985,0.1402733275061413,-0.2130445747130602,0.14968335091283239,0.23856364920021547,0.0030449416689368497,-0.018744017385976676,0.13460601770267056,-0.26614097088085725,0.13690584340694695,0.23660170627936306,0.003008747793426541,-0.005727505952553811,0.1153012704764418,-0.3893824476180349,0.11175672223503186,0.16915591334791805,0.002613179110832337,-0.009111004335727951,0.12252834138366679,-0.3147506728465971,0.12639043727638918,0.18026515658162337,0.0027207035139623333,-0.0020087596169699887,0.11001739935709344,-0.4360106614120031,0.10037615776709627,0.14799240295678723,0.0027132628460570527,0.0036765739097970995,0.09778611402642212,-0.5932455719029728,0.07610991774888984,0.1247188185380958,0.0035261232850115607,0.004707611287688718,0.0963141259675435,-0.6151160854323278,0.07281453444872538,0.11649425740515468,0.0036341488047467187
2026-03-12,6998.076168011011,0.7698630136986301,179,0.1860521838643326,False,-0.02024954170867462,0.14667361044456415,-0.21673754915363455,0.1647880718875235,0.23546891780884238,0.0032755416777469955,-0.017891120668540088,0.14086027981525184,-0.26927634819684604,0.15235916184858758,0.23307614456547252,0.003541654792591499,-0.017863015882858647,0.14741167047443338,-0.17768707129705744,0.17343031799612735,0.2133563536618185,0.002988942020936274,-0.008110579994898387,0.12942919081633977,-0.29888045852989703,0.1460091458701715,0.17495268247380247,0.0028239790499957297,-0.0009494846738279402,0.1157004168862904,-0.4383019132573757,0.11604162926059809,0.14830424690484098,0.003324698113428209,0.004941677232203127,0.10556686944890642,-0.5938902228904847,0.08180819900900271,0.12662042685690217,0.004883896906657684,0.005381555096447888,0.1058433029077076,-0.6153928161719878,0.0742764292026705,0.1174324978318804,0.005713647516966243
2026-03-13,7101.225579476952,0.7671232876712328,179,0.18474280880853078,False,-0.00966682023866044,0.12905064077548864,-0.2963093996293454,0.13539867999064356,0.19022309447847915,0.0029143888711503593,-0.008445339498543545,0.1270583686422508,-0.3101135373337768,0.132452786907212,0.18443376441703394,0.002855245970671171,-0.0008884617389607613,0.11320235944047234,-0.42641496631298453,0.11143662633361619,0.14775045758688762,0.0025883724923758795,-0.007672055924100842,0.1258048063036387,-0.31555288476213755,0.13228388143284953,0.17928885813814188,0.002835113333675736,-0.0008895672801617204,0.11289548682526414,-0.4296459664437087,0.1117230547695054,0.14800123078365404,0.0026110314617598827,0.005008561799981871,0.10105612662003667,-0.5920028163938659,0.0822364371922834,0.12639910558774295,0.0034890907265493903,0.005601015873107802,0.10156811904647893,-0.6147601350668757,0.07454956848000296,0.11780755321602382,0.00388280853444539
2026-03-16,7083.1064155506965,0.7589041095890411,179,0.18029626856332123,False,-0.01057462882809681,0.1276189379143951,-0.29623262425767105,0.13535330930253237,0.19033321984426693,0.0030471333967578658,-0.009369699436694488,0.1256382576686564,-0.31004047900825926,0.13241142679040388,0.18454485761767836,0.0029925912228099794,-0.003022477058331082,0.11298765465894069,-0.4182326083704414,0.11494470441617048,0.15567414492473317,0.0026348785485660535,-0.008123751563916738,0.12208310374482297,-0.33916724638624296,0.12970439360373195,0.1805151001842827,0.00283876368097951,-0.0017665719003536384,0.11107965618916738,-0.43211146446453846,0.11231725586603376,0.14784475727738916,0.002609719719460219,0.004314540330125346,0.09916016861903863,-0.592180078313483,0.08277529342251988,0.1252159848307896,0.003429506365492626,0.005524067493480871,0.0984664091641673,-0.6146853063225555,0.07466790162442143,0.1177472495573746,0.003727263091133702
2026-03-17,7086.243886518493,0.7561643835616438,179,0.17694466004299944,False,-0.011254515243080262,0.12723620722742385,-0.29620663649027995,0.1352718743913608,0.19029694624047003,0.003141225351728845,-0.013413030961502542,0.12898999019619703,-0.29503070013000093,0.1364190803368044,0.20626219120271955,0.0031535293500847966,-0.003705666512127127,0.11260606227905653,-0.4182011469468424,0.11482915082638603,0.15564084447013435,0.002734640328162093,-0.008368632388144476,0.120894233168112,-0.3494998874273122,0.1256881179827356,0.1811694565477335,0.0029040864242363684,-0.002308234197296763,0.1105717777348295,-0.4326618047740745,0.11110510846909132,0.14800078899792102,0.002665868477494632,0.0037497542507149767,0.09850605579753323,-0.5918552785116937,0.08291919300155057,0.12419913173413842,0.0033506280196839437,0.0053411646949510635,0.09694285666700286,-0.6148038219049505,0.07468943798097896,0.11750634413933238,0.003897728108494852
2026-03-18,6964.593983337409,0.7534246575342466,179,0.1842656083919298,False,-0.010361216724797243,0.12530601033261426,-0.2992926495502904,0.1496545404234628,0.19045008644262051,0.002867915551214499,-0.012442987792958396,0.12746936543049642,-0.29760270434510067,0.1498708946228447,0.20501340105957078,0.0029761854422016144,-0.0028790249785066047,0.11157532867787406,-0.4200224319146277,0.12672848012617433,0.15577496253971787,0.002594877337199236,-0.007592239902825326,0.11983415372720187,-0.3518217079216016,0.13843552496135,0.18078746846471114,0.0027436202448601864,-0.0015427313372774346,0.11009415298276849,-0.4381267557859269,0.12046395192249633,0.14857140154760973,0.002586695610817119,0.004357209549800236,0.09997715645821768,-0.5929779384178354,0.08686292711588169,0.12498442212403997,0.003659349865747871,0.005555061427265784,0.09983064836122413,-0.6151938894928449,0.0755265720068735,0.11780765603128807,0.004526100355981856
2026-03-19,7001.72143232445,0.7506849315068493,179,0.1837692002517919,False,-0.009766217613947168,0.12064630288221204,-0.29858654248328115,0.1483056030944618,0.19107986933065624,0.003295437511458374,-0.011773816742502616,0.1227530895859698,-0.2968372501897742,0.14846962337908726,0.20560344154395943,0.003464060738985088,-0.0025404437948684335,0.1073387017583518,-0.4194935800129777,0.12564140580807726,0.15618767460211802,0.0031087530250494427,-0.0063652017028007395,0.11638501204627609,-0.33196045113388195,0.13729829837932012,0.172489268397558,0.002976692018686542,-0.0012162968201080428,0.10628991682406654,-0.431618598451353,0.11987170873816916,0.14743311703670928,0.0028801598556418844,0.004466043440551725,0.09555597816148594,-0.5922395992399433,0.08842995040694814,0.12482691362474344,0.0036917931407435714,0.005609878344568004,0.09599804788733203,-0.6150392235157043,0.07588645170104691,0.11794250112346784,0.004249068710796115
2026-03-20,6805.583226400662,0.7479452054794521,182,0.19930282238716326,False,-0.007831323551998842,0.11997671709489528,-0.3024961614194942,0.1694497102540379,0.18975034787476883,0.002902594247389817,-0.009786212572337747,0.12202528313158846,-0.3006541325571355,0.16978935267542578,0.20376827846798407,0.0030730519483572957,-0.0008231807279051379,0.10685411204075203,-0.4226286920510673,0.14765376490779036,0.1556254907305695,0.0027631377338451857,-0.0034218202916486275,0.11332479794326998,-0.3475987130952835,0.15986074784411947,0.16388034995581138,0.0026816798472265127,0.0005409932270203467,0.10614814030636158,-0.4402696638890187,0.13812654369005006,0.1481236902197605,0.0027986236320218876,0.006007205574901894,0.09863201841237774,-0.5951648341751647,0.09624168315355461,0.1273582576948431,0.004843671551232507,0.006378049452128265,0.10200167585032285,-0.6154860637624318,0.07774681908452348,0.11915829018128395,0.00710242424730944
2026-03-23,6898.365291836903,0.7397260273972602,182,0.1871922489895014,False,-0.008574897569430811,0.12002161422790794,-0.29952879815777517,0.1546290549085232,0.1883229102788025,0.0031954219343760934,-0.010379786004382151,0.12204060926144507,-0.297167172350779,0.15479380537517157,0.201196586686394,0.003294071933207776,-0.0014248968120647708,0.1068494695900389,-0.4193943165223208,0.13242805136456395,0.15273913937903152,0.0028192663540529427,-0.0036257559633170802,0.1118636877722741,-0.354159642431243,0.1451776130155448,0.15919659290668223,0.002935649418425928,-0.0003086402122464128,0.10453487776163464,-0.43272665447179814,0.1326216785763546,0.1445880257406277,0.0028032867866182505,0.00523036906995686,0.09444146239143857,-0.5958508438403128,0.09771482629140596,0.12588546065383685,0.003730193792427955,0.00637253778855742,0.09685931783524857,-0.6155574832992328,0.07828900127780347,0.11926649558598396,0.005014357668008886
2026-03-24,6890.746486314487,0.736986301369863,182,0.18908267516332333,False,-0.008588276615843148,0.12005710212366871,-0.2995342371037584,0.15463996028944055,0.18831372749991818,0.003365876658762539,-0.010392579387428451,0.12207480016072633,-0.29717222282371436,0.15480514969904446,0.20118622836361175,0.00348641520905515,-0.0033692584901132555,0.11146438144145936,-0.36571688948049336,0.14289929204958016,0.157066913631483,0.0029917175579225923,-0.0030302607391794463,0.11083488451610071,-0.365992192963683,0.1439695255275031,0.1538458105968501,0.0029891334252132532,-0.0003602210459532363,0.10516923364555243,-0.4297547685470268,0.13265818824330178,0.14231476900341264,0.002861256680490481,0.004926118769264135,0.09474833971673938,-0.5961663433677064,0.09958445560177388,0.12492963630252661,0.0038185203346563514,0.006382969009536272,0.0964999505313209,-0.6159954120559425,0.07900994989202532,0.11932695609694534,0.005370157988413395
2026-03-25,6991.342557640127,0.7342465753424657,182,0.18134656656243145,False,-0.00891168150325426,0.11899514414024041,-0.29708742133154664,0.14359213483665978,0.1871349969888191,0.003392297500302117,-0.010465238708063469,0.12072034206804978,-0.29425586844051094,0.14382879093884002,0.1985593416503152,0.0035027679554340474,-0.003547072282544642,0.10999879558406313,-0.36344401804153154,0.13120792743707005,0.15647603334370025,0.003091439827525318,-0.0028129430249219005,0.10894221691011392,-0.3667800830148009,0.1310734187434205,0.15053962096298076,0.00305846945536507,-0.0006874922541166091,0.10372228259650379,-0.41958559812775875,0.12477774909702573,0.1401141351497324,0.0030468653385881768,0.0043179202149535465,0.09162234954107323,-0.594117018666723,0.09847089455642373,0.1234035368585954,0.004010407983822118,0.006125843651245757,0.09224646417776333,-0.6160527221140445,0.07908090303731172,0.11902143189731239,0.004785709248773839
2026-03-26,6880.306848483213,0.7315068493150685,182,0.19296920076092527,False,0.003190245874303284,0.10119041236312208,-0.42748663274768195,0.13461483278928907,0.10814796593007138,0.00273783155595465,-0.009266352176077812,0.12569032361864266,-0.2207693738920616,0.17174767767316715,0.1776372894386612,0.0036452028906673694,0.0010693020903120268,0.10547794385415217,-0.3888837338461664,0.13986314470524647,0.12317904621616953,0.0028360574648530886,-4.025035552357911e-05,0.10739873912574129,-0.3773379009050109,0.14090542568847664,0.13220155175959505,0.0029052997855639876,0.00029562899170425445,0.10565575692472481,-0.41747608376708006,0.13254701029740412,0.13686928471634602,0.003032816238551829,0.004973016172554103,0.09495564586929099,-0.592707745984908,0.10118089573127352,0.12340474201994969,0.004382748218940536,0.006333077287363415,0.09644294522664917,-0.6165032341018574,0.08005913614797877,0.11924539506468111,0.005656561763064693
2026-03-27,6795.465299177386,0.7287671232876712,182,0.1981786027884526,False,0.0043891424970750725,0.10049722066318416,-0.4283368440642208,0.14286127810536936,0.10804372951283626,0.002663281428251708,-0.007716931690042562,0.1244827395796333,-0.22222541924304068,0.17959816151341848,0.176231775240677,0.003252680642041837,0.0044606860290379,0.10080278100126606,-0.4201157107164301,0.14399836263198376,0.10552816909177769,0.002627261287607361,0.0017268559058079237,0.10644366906817372,-0.36216771784779545,0.15351017046341828,0.12313160016936148,0.002687711881762356,0.0017014349656295175,0.10492414139322981,-0.41316750234042937,0.14178573516940296,0.13386655975564632,0.0029735005044097154,0.006070440794130101,0.0954624049041854,-0.591763844739019,0.10552322916173898,0.12420500173113555,0.0046828658502545304,0.006818351331064217,0.09896654762842379,-0.6166755167582347,0.08141200505929981,0.11995666890551245,0.006513475959971209
2026-03-30,6560.3430080423805,0.7205479452054795,182,0.2149342422034694,True,0.0024070459079896713,0.10485723253587433,-0.37755560749617584,0.17784938801155428,0.12399961435984069,0.002807850929555274,0.0024533399920458813,0.10471783735549217,-0.3790963072643607,0.1776762988518729,0.12373653638152816,0.0028069468975973457,0.0029120007251542215,0.10362775947684526,-0.3918945716222835,0.17563899008023898,0.121517372432291,0.0027997392161268797,0.002220911581677919,0.10561567822181248,-0.3688366934250541,0.17840254410528247,0.12476185181028403,0.0028136184552807995,0.0026983811876355153,0.10400863358448245,-0.42372332189377404,0.1632120721733745,0.13240691985634806,0.003184111455734112,0.0071321844886145,0.09757914316535433,-0.5960983741637652,0.11476175108986585,0.12604891232832618,0.006092810449838085,0.007551506545970104,0.10386934236504725,-0.6175731053299536,0.08376044123018268,0.12128843960657554,0.009694868476417194
2026-03-31,6956.4093591664105,0.7178082191780822,182,0.18588166088781571,True,0.0008942035434907708,0.10234039316929441,-0.36961673879919604,0.1282988076634766,0.12583206597322164,0.003234765620590446,0.0009508110138606153,0.10220263969941219,-0.37115468074161645,0.12806837189176556,0.12554100219655936,0.0032360677315705104,0.001429070204983608,0.10105267581011622,-0.3840070615148906,0.12615912702772808,0.12301093924118707,0.003249575635337364,0.0006627178495586268,0.10397527032322781,-0.33410226728756276,0.13543774099640474,0.12125139145258552,0.0031767810581815586,0.0009880464584699346,0.09920700761406553,-0.3900234590657052,0.13502366967290427,0.1256483908122259,0.0039383295804143615,0.00510696019414493,0.08590291346870951,-0.5914724632727801,0.10987341466500154,0.12216447202123307,0.006337708379481877,0.006947551250485897,0.08812313177317112,-0.6169373350197961,0.08318891365415686,0.12060891301408684,0.006422011170143284
2026-04-01,6890.888564812987,0.7150684931506849,182,0.18619071259996975,False,0.000843353922824968,0.10233086007941522,-0.36961994680343774,0.12832199447569348,0.12582499607654193,0.003578161537278205,-0.007847306105018883,0.11979676916233493,-0.18904810502885538,0.1714943061069863,0.16519838202539402,0.003909949892054458,-0.0012858301815031514,0.10649855332596067,-0.29377068255050487,0.15039378497877484,0.12938419855777475,0.0033364419472863612,0.0010354304220992821,0.10137203625990861,-0.34504775299997403,0.14160505526350683,0.11548929498999842,0.0031455143652686338,0.001129953220585378,0.09953187968304716,-0.3837472253859659,0.13543310540555656,0.12185790556173437,0.0032795379602937632,0.0047335307452104815,0.08701533318740326,-0.5880830205251134,0.10892435149018037,0.1203505450815861,0.005575680533501265,0.006692000172482831,0.08768001354240243,-0.617227459643609,0.08346021788467223,0.12021511711438354,0.006672433528970121
2026-04-02,6793.547555046055,0.7123287671232876,182,0.1906673564188651,False,6.955779512715551e-05,0.10085401180466384,-0.37283911826512217,0.14867466581848982,0.12681934971998576,0.0032290566175015027,-0.011371135194145135,0.12340559917473039,-0.18242912110100237,0.18608093219406194,0.1877795301631747,0.003850309097089556,-0.0024564295043491007,0.1065630184735197,-0.31433075352052037,0.15793423384733063,0.14062130345760668,0.003308511453036587,0.00016291780948563987,0.10150360887969817,-0.3584481155142979,0.1504566635580375,0.12341138725620353,0.0031994253587735956,0.0009678779878305282,0.09980037777889782,-0.3882499395427727,0.14306498993840222,0.12161243393845877,0.0032441470715359444,0.004684248557268123,0.088762446523746,-0.5873317067885334,0.11053872772110374,0.11968184925480085,0.0048682002422092705,0.006543873892409243,0.08966178463232137,-0.6179210273864222,0.08413364962336606,0.12002975298397488,0.007120394592424415
2026-04-06,6862.655507038618,0.7013698630136986,182,0.18625051101533407,False,-0.0003624289099476862,0.10046196974535156,-0.3710265423074661,0.1384582532171201,0.12694949625480467,0.0032553931526314605,-0.012287142187862773,0.12280338926460464,-0.1907732852570511,0.17396012365695282,0.19370056768464625,0.00394215937417804,-0.0029186134823543253,0.10600206848706593,-0.3128482087357228,0.14852476545932936,0.14121080621205961,0.0033785692220318075,-0.000907201036681213,0.10170854823529482,-0.35526866598214174,0.14140063212239132,0.12940838999810828,0.0032716016702344915,0.00034599740574908756,0.09874159424024362,-0.3832864447081978,0.1382345070658196,0.12140645037664398,0.0032522874103721343,0.0041298088086200585,0.08673379941276228,-0.5846800837754437,0.10945442450196609,0.11817658507546314,0.0050539744258696045,0.0061635517185513345,0.08695870407184575,-0.6182359350335555,0.0842464088420752,0.11956042075455364,0.006728073909929286
2026-04-07,6963.25200239386,0.6986301369863014,182,0.18170529058159438,False,-0.00021509800222447117,0.10239371041254744,-0.3684006764011966,0.125304611730284,0.12556586936448225,0.003488787786804627,-0.010815563648053247,0.12476332254603448,-0.1720961933380967,0.16333888795826648,0.17869144740034235,0.003891516443937546,-0.002881185876699003,0.1081545445025158,-0.310380052530767,0.1352573593077341,0.14032664392196986,0.003484266881746879,-0.0016777691199537886,0.10627767618439184,-0.31975257886067926,0.13361122734924957,0.13092970800048087,0.0034224159366420272,0.00019731317932272124,0.10114512040514326,-0.36867283976893733,0.12884327967602677,0.12011413395707267,0.0035126705122482177,0.0038480569721863066,0.08713978253511814,-0.5795663991062299,0.10648215805142269,0.11658343103923137,0.006202481091720593,0.005838034008014415,0.08636999114416047,-0.6182794918708386,0.08413684855670021,0.11905208786413715,0.006767721728072617
2026-04-08,7140.891355912497,0.6958904109589041,182,0.1638100174376211,False,-0.0043947665610945255,0.10436429651027045,-0.37256659936673836,0.10376931365553793,0.15095042645423296,0.0033580379061121345,-0.012048041567542108,0.11715151446812644,-0.27199921310604974,0.12256831342803708,0.19666599959644634,0.003776906353950623,-0.0018510166524719348,0.09943975330757324,-0.4141595009765228,0.0974716285762796,0.13534248670778593,0.0032853624699805558,-0.004491810693182936,0.10503223156000115,-0.3463542203049246,0.11044154648901848,0.14753042155145063,0.0034279740746244246,-0.0017365365031777398,0.09987063770445453,-0.36497525863858926,0.11266306676957222,0.12280603072947223,0.0036219959142265432,0.0022444087316622436,0.08375340087232906,-0.5742135989299674,0.09972065185326892,0.11402035860007584,0.006350902533810777,0.004955299451399243,0.08025953973099574,-0.6181789693191089,0.08308411146399905,0.1180042610111557,0.007808177804783144
2026-04-09,7092.247817675609,0.6931506849315069,182,0.1648547219037696,False,-0.004554635528131028,0.10525075112399017,-0.37264759604813796,0.10391386837450028,0.1508389299412828,0.003298228169183153,-0.01245811102169356,0.11861204407519559,-0.27220047379152434,0.12287685803743144,0.19638397670833754,0.0037355021626383636,-0.0021158798031860114,0.10063671571354131,-0.4142502766316874,0.09763131765444236,0.13520336658386153,0.00325051576286275,-0.004788280693173581,0.10606839506659807,-0.357658091721416,0.10722885066980156,0.14980815954005156,0.003290473390506854,-0.002211452815850393,0.10223014848136885,-0.36774195411954946,0.10756445722831715,0.12672758518307495,0.00328642135671363,0.001929214228449027,0.08637703174604372,-0.5683793211260799,0.09477267940783086,0.11289467378101889,0.005924370795855294,0.004368269986431435,0.08173931442868104,-0.6182565632829187,0.08238495334005248,0.11718719184361191,0.007326479455885529
2026-04-10,7053.937824175398,0.6904109589041096,182,0.1702398941539965,False,-0.0047380454806573305,0.10545255086812177,-0.3739155063647704,0.11011300802310518,0.15163350325642488,0.003211937073720956,-0.012531054410749594,0.11855901821749072,-0.2738962547326121,0.12924698590600286,0.19649206654014414,0.0036787210905046734,-0.003230639783432544,0.10247834991768058,-0.40423952368231253,0.10482710419341165,0.14361404683646287,0.003179440574971474,-0.00486326835775767,0.10601357104049888,-0.36451394587207503,0.11164216173286887,0.1514118041803251,0.003220198806625165,-0.0024399544523760887,0.10268705428827701,-0.37767484889731934,0.10960706262775036,0.13061145584925635,0.003209507003641798,0.002034438716943994,0.08840705061004953,-0.5641553124360625,0.09221588974308449,0.11260018516617641,0.00463623623802633,0.003991105365007501,0.08390479471031576,-0.6183375787942972,0.08198115484091333,0.11661989015764572,0.006073862878624798
2026-04-13,7081.120113319112,0.6821917808219178,182,0.16808955337363174,False,-0.0188351240893814,0.12667296134469225,-0.24488958380297743,0.1320120845117138,0.23075054238376028,0.003890321056288605,-0.01619569540271827,0.1220988428750689,-0.27511175501956703,0.1261317388178477,0.21930099037954545,0.0037824421536623055,-0.0031621154094683655,0.10082111593660072,-0.44340342668701604,0.09479631020868343,0.14575200581863823,0.0033136764314296904,-0.006494563475953698,0.10730154779253416,-0.3727267737203022,0.10738963325819616,0.16282985688446563,0.0032944972770332106,-0.0032599020484209763,0.10282113719204558,-0.38439351186554543,0.10713138281238835,0.13484124871535577,0.0033225006019965706,0.0016985190648997946,0.08870013666071837,-0.5608289440886772,0.08939898418842492,0.11200311682609067,0.004331528065424732,0.0035433101677127487,0.08385761082479314,-0.6183255870315802,0.08142130633230435,0.1160165147918597,0.00602544309008685
2026-04-14,7238.90212449231,0.6794520547945205,182,0.15976079399119847,False,-0.018882467298454726,0.12828896874700665,-0.24078911613968565,0.11454450137120212,0.23008616448604063,0.003728485622662161,-0.0161990412379219,0.12398689634089781,-0.27080610241976616,0.10742256178292856,0.2183322598868559,0.003605506747407479,-0.003001339556656062,0.10215315813441785,-0.4397477185477499,0.07645657413534152,0.14508186826388556,0.0032985271929973216,-0.007927435756395311,0.11045998463863865,-0.3562162799487823,0.09339751532818609,0.1727256291132915,0.00331867231361696,-0.003817578010461049,0.1042543198964422,-0.3772224631001723,0.09366418612433698,0.13901000408786438,0.003353078471075255,0.001346555929099961,0.08812950565337087,-0.5549767943686799,0.08378498838239162,0.11135153289967341,0.005685134297664928,0.003074867502520331,0.08234160480070332,-0.6179005080704508,0.08043450072855694,0.11540753955298448,0.007302761516236334
2026-04-15,7303.78027997654,0.6767123287671233,182,0.16148986248653913,False,-0.018923394962865766,0.12818058541095712,-0.24077108070844117,0.11449011766300375,0.23010335396064127,0.00347173974682705,-0.01623939132241594,0.123876493610287,-0.2707882320958389,0.1073679849195392,0.2183493077727631,0.0033516747007639085,-0.0030384670531520674,0.10203563044312305,-0.43973122326715086,0.07639674944815303,0.14510800877285557,0.0031698451489381306,-0.009646421718562446,0.11322369176924664,-0.35902035353714024,0.08589991073359912,0.18901227915834137,0.0030787487100503324,-0.004246297685323106,0.10568551782446282,-0.37974346511167645,0.08675613523086532,0.14572922640618613,0.0032905773856849773,0.0013676580105999253,0.08918195168751515,-0.5498877038027518,0.07890068638685534,0.11157918531389019,0.005148208183535255,0.0027601597014102006,0.0828246027155032,-0.6174901388800758,0.07954129153063268,0.1149888076233855,0.006923211672225022
2026-04-16,7317.9228348407605,0.673972602739726,182,0.15864768978238,False,-0.018708512046373093,0.12734642524491524,-0.2405696570027224,0.11385734402455305,0.23033376522941404,0.003422668860762334,-0.016044025765844294,0.12307230137472731,-0.2705975853116273,0.10674909351686102,0.218562370797689,0.0033097998926772954,-0.0030446611384859603,0.10288185398836086,-0.4387003815701984,0.07002941987437461,0.14748848034412626,0.003140840037561492,-0.009589334199121044,0.11283151770399835,-0.367924216142316,0.0821240771231835,0.19048270838537718,0.0030451708814657657,-0.004704022206344567,0.10633425191754908,-0.3832675564109333,0.08280079714750688,0.15128341901593242,0.003158437354120192,0.0014147793461588268,0.08987894804106765,-0.5453755459726335,0.07469660962547557,0.11190565750513211,0.004732241625641917,0.0025190333950342913,0.08312055581088518,-0.6169885416349506,0.07868211750149057,0.11466062095816801,0.006997902683994579
2026-04-17,7398.6265901042625,0.6712328767123288,182,0.15550145410983293,False,-0.018959390150184132,0.12849534229868534,-0.2393440867265014,0.10556377926596779,0.2316697663269652,0.0033742834261123234,-0.016240194583454076,0.1241534862691944,-0.26931580984453124,0.09841475847156339,0.21979902552874503,0.0032582892646336845,-0.003220237674910461,0.10209199120785856,-0.4386122415119446,0.06971979209423186,0.1476571547435033,0.003081477456475834,-0.011027521435971174,0.11443520976157984,-0.36564985891065765,0.07710744619927008,0.20122544367016315,0.0030123228469032784,-0.0052667018316845705,0.10663294564286749,-0.38708912917039007,0.07769223510654565,0.15684174117569247,0.0031500456418863967,0.0013090642828327559,0.09010696517009265,-0.541386560215114,0.0704618541494405,0.11226274358417296,0.004503235557067178,0.0022721457371409114,0.08278208346863274,-0.6164586014959771,0.07775386998868103,0.1143518115307272,0.0071644833405351705
2026-04-20,7355.0531527609155,0.663013698630137,182,0.16388870781845444,False,-0.012493383355473875,0.11724709453047087,-0.3440992638791576,0.0886824013438017,0.2088196936039489,0.0029607667946765395,-0.016362211187871817,0.12461999600805442,-0.27148776812374636,0.1053331331027355,0.22110179410474776,0.0030817759696410724,-0.015643133719621234,0.121245896024796,-0.34068887399512676,0.08493667543806699,0.23157999643355157,0.003181683516641773,-0.010996002494017979,0.11484822851902221,-0.36690966620528703,0.08338559518658846,0.20203706430605717,0.0029506417384158744,-0.005421061647813093,0.10762746453498076,-0.39479207724405757,0.08003497544401666,0.16138489390072716,0.0029398504246363,0.001602473988926065,0.0922103862852654,-0.5389632626882135,0.06857922426648333,0.11312981375776536,0.003637769995811243,0.002228907657737289,0.08492609944269974,-0.6159643915275301,0.07716217378914153,0.11426036833396129,0.006362849962039901
2026-04-21,7479.919959728833,0.6602739726027397,182,0.15746997812491054,False,-0.012337989443871733,0.11687807981483969,-0.34067727733232356,0.07492412177506856,0.20794524843195467,0.0029668471426806233,-0.016355276919217884,0.12438121086904881,-0.26845666125871,0.09159162995831993,0.22156203200939878,0.003055192437730849,-0.015413597017532277,0.12033586001413661,-0.3372764914712015,0.073834075979181,0.2297602818587742,0.0032024279105376504,-0.011640714806793802,0.1160331561032255,-0.3411380631911337,0.07579472828808395,0.20279874053615776,0.00293629455866419,-0.0058521643269355715,0.10698447512132775,-0.38800754934818155,0.07169935370906252,0.16370102097592734,0.002900314540155834,0.0013445740271447386,0.09035850152403903,-0.534867458593631,0.06427846565766947,0.1131283237979602,0.004401127401111658,0.0020065218993237737,0.08249204416957465,-0.6151875868212592,0.0761300975193176,0.1139975209977913,0.00803035298639356
2026-04-22,7390.122452670726,0.6575342465753424,182,0.1607936395958755,False,-0.012948833470093615,0.11760442615923913,-0.3437254081516552,0.08773546739699366,0.2093447336296903,0.002895651970605782,-0.01699634188491774,0.12508944521074328,-0.2720706536653396,0.10423709557682843,0.22304061735863595,0.0030114122490902872,-0.015923632229212732,0.12091746578435962,-0.34015639837371847,0.08674774608966493,0.23036041163082385,0.003100651268573185,-0.012691093844854567,0.11737485130668507,-0.34713957192261063,0.08608896428639835,0.2083345700690875,0.00289193314814724,-0.006301208474639063,0.1085661914311576,-0.398120380266751,0.07684337289386473,0.1670995130640051,0.0028869678105983418,0.0014049080662545883,0.09334647933276304,-0.5340198377629853,0.06336976767595191,0.1138519652975853,0.003344034528029491,0.001955061992876392,0.08519031429725485,-0.6147823344489697,0.075556935897114,0.11389933465085218,0.006208394138548999
2026-04-23,7395.323900921732,0.6547945205479452,182,0.1588388402261216,False,-0.012647378828008893,0.1158744838702368,-0.34344985139338313,0.08719651617177214,0.20958750000384707,0.003207925590290672,-0.016650570143508032,0.12327270380539657,-0.27176907560985225,0.1036102073301716,0.22338007641409796,0.0032513773040480478,-0.015574180297077543,0.11912484694657671,-0.33982972813811385,0.08617340575846776,0.230557422230406,0.003453107733113626,-0.013178328250270816,0.11750706299000921,-0.330481486972352,0.08770346280067363,0.2110038221783585,0.003140751551345219,-0.006388868263975864,0.10729264632022958,-0.3974136282517902,0.07651287249512857,0.16966604255212395,0.0030513198865773548,0.0014574660610537746,0.0922806525572079,-0.5324434113191789,0.062204343463057025,0.11442924754411204,0.0035743057657454547,0.0019017360407618102,0.08442245200749811,-0.614120109490052,0.0748947287123768,0.11381641909242739,0.00669680113939547
2026-04-24,7431.087353497814,0.6520547945205479,182,0.16307277902446854,False,-0.012474982908388377,0.11586627237259943,-0.34343976939783927,0.08718204419073716,0.20961203546084445,0.002929953794050293,-0.01647538790468087,0.12327840573993953,-0.27176250069679425,0.10359648589796396,0.2234099983119328,0.003003562973133757,-0.015395438598262841,0.1191229889874084,-0.3398176715078107,0.08616195602402955,0.23057666689204967,0.003122215468371228,-0.01367104010704583,0.11823438282701472,-0.3229278908185738,0.08977739270111866,0.2154528597734058,0.002900918209260659,-0.0064287773331788145,0.10735583802995118,-0.39746395160705633,0.07638102635940908,0.17263547307815805,0.0028626347343020213,0.0016301085640209323,0.0924256410653922,-0.5314518435522487,0.06138084914443165,0.11527296881201107,0.003416778042419673,0.0019343788680628352,0.08473832433263427,-0.6134935834903564,0.07434633517617575,0.11384507949755075,0.006508615894150522
2026-04-27,7450.0,0.6438356164383562,182,0.1637096405,False,-0.012367414761449463,0.11459766101741797,-0.3431866267037326,0.08652329689660625,0.20979734491372776,0.0030673672069338512,-0.016341578625838946,0.1219688343442248,-0.2714960197306655,0.10285844547871381,0.22368507310562827,0.0031333850161750307,-0.015246154500245869,0.11780718683603462,-0.3395227963608876,0.08550047306193433,0.23070270462343287,0.003247842652670779,-0.014875494170418854,0.11948273861604249,-0.31550261025785686,0.08742193129513234,0.22280732048560284,0.002970813995691854,-0.006765347957062121,0.10718702283697276,-0.3957291341711959,0.0741165451244662,0.17529456838351692,0.0029445482803009087,0.0015482035393191665,0.09176092727978545,-0.5301313711389938,0.05996522578302884,0.11584759386792504,0.0035592958014146695,0.0019079966204802133,0.08392109982252224,-0.6128305177203587,0.07368684146686352,0.11381475686193576,0.006795330869086564
2026-04-28,7412.4263859427765,0.6410958904109589,182,0.1604585756111916,False,-0.012387610449852888,0.113989252094011,-0.34306889136805074,0.08626966406882405,0.20984908535821645,0.003159179009494816,-0.016548834643194038,0.12177423708994455,-0.27147070749462754,0.10279220506339184,0.22368375640809904,0.003164983846446169,-0.015450493204898674,0.11760995356883863,-0.33949432792357676,0.08543787431782576,0.23068939249330275,0.00342842643799039,-0.015081601457456378,0.11927597599639891,-0.3154833063713423,0.08739131715133834,0.22280369435383715,0.00310521144717765,-0.007019759790326625,0.10674964472513532,-0.3939313319983044,0.0748509345569391,0.17656160582923558,0.0030187677319661473,0.0014645268296595395,0.09136598774399586,-0.5291334299024986,0.05922298607068381,0.11622253545768892,0.0035261684205920955,0.0018886574216625028,0.08339683068161033,-0.6121685900194906,0.07308950537886805,0.11377680733727304,0.006666833076531032
2026-04-29,7628.37206587963,0.6383561643835617,182,0.15055090569669696,False,-0.03446484491537423,0.14204968441333116,-0.1863501459883684,0.09805802262994995,0.31579497929214206,0.003341776036528378,-0.03446262125723297,0.14204609617472091,-0.18635017593983497,0.09805784456767654,0.3157917511988185,0.0033417278893003222,-0.020963381037416667,0.1260800478185981,-0.26400735725712204,0.07429738955045867,0.25336265015894643,0.002864428793428122,-0.01506470500318048,0.11774150369162394,-0.3101191384966994,0.06519090866490165,0.22291679478557377,0.0027868385712718122,-0.0077746884768923824,0.10574210410781185,-0.3783491691752961,0.05931059982449722,0.1782204843132448,0.0030348521016294473,0.000685940834448155,0.08757185275467383,-0.5250480580025025,0.053802197053345005,0.11577428016307205,0.0049935321759292306,0.0015240603104764068,0.07838853301077299,-0.6113249084282333,0.07178694096894331,0.11343465848260437,0.009495180450784535
2026-04-30,7571.938558295544,0.6356164383561644,182,0.15067796555619145,False,-0.034974976585755733,0.14447951302300707,-0.18692738986699414,0.09908107152878991,0.3152939430258387,0.00330133652265753,-0.034974156842607455,0.14447857102244593,-0.18692789150525724,0.09908132160382897,0.315290098665534,0.003301318601196029,-0.02132410481600438,0.12672904478485145,-0.26607531910783727,0.08123135094551415,0.2543124658542875,0.003052916399938665,-0.015907198563497742,0.11885612544313642,-0.31753434797440544,0.06993777525622549,0.22838293741386367,0.002989544394915711,-0.008203478313586853,0.10795909752428205,-0.38187891830763826,0.05862730548137962,0.18190437316663902,0.00306152702265721,0.0006472947377702213,0.09013849030699311,-0.5227459508373465,0.05105072240613845,0.11638708277031494,0.004135800339364083,0.0013788254966473864,0.08019567343728061,-0.6107770913242151,0.0708903906922802,0.11326230012766676,0.008496426265293072
2026-05-01,7474.739332973941,0.6328767123287671,182,0.1577585365024016,False,-0.03459829751309915,0.14299116877721268,-0.1922654101003568,0.11631445877221604,0.315924918738288,0.0032583306240633963,-0.034597840572297645,0.1429929521102265,-0.19226477770228095,0.11630589953254669,0.315920659241684,0.003258117442209879,-0.021386249569594243,0.1265100592880189,-0.27031835152610995,0.09586628234298278,0.25621663407525047,0.0029786005872209087,-0.01667707299080539,0.11943062876495483,-0.3273238240262874,0.08150491686642142,0.23713796292239006,0.0029107557196410183,-0.008230891298204415,0.10842895669605654,-0.39571746496074933,0.06681962953644568,0.18644087120514813,0.0030506337338661086,0.0010626614771124846,0.09276746696246169,-0.5235928679468635,0.051617944469741495,0.11808850196728052,0.0037110616434873215,0.0014727581002107583,0.08346034961797753,-0.6103362323199892,0.07044396733604598,0.1133553735718397,0.0065044623158916435
2026-05-04,7512.476780967321,0.6246575342465753,182,0.15809438025506012,False,-0.03444296032423058,0.1417710598114701,-0.19180235107115823,0.11539889664648872,0.31602717289287374,0.003521778368298485,-0.03444258414349408,0.14177275192514466,-0.19180205044732723,0.1153913730641562,0.3160229407634743,0.0035212235620354694,-0.021358285008986035,0.12660901033212515,-0.26870923820138176,0.09078012754729903,0.25572921322783604,0.0029515916173245334,-0.01741076925155627,0.12102951650239169,-0.3035337525896722,0.08302638398065253,0.236757699537928,0.002897396868303327,-0.008505868903957794,0.10790916280240727,-0.3922483248151682,0.0666033023890816,0.18725436458091105,0.002910374429178144,0.000949027763631085,0.09187771626806265,-0.5230706172783395,0.05095062485567947,0.1186755257587026,0.0035972630406274093,0.00143398592516548,0.08273431605303078,-0.6096554543680726,0.06976665892787362,0.11332185893514889,0.007160816902781689
2026-05-05,7540.297965678317,0.6219178082191781,182,0.15927101592739965,False,-0.034697757688368726,0.14297698558701505,-0.19196926853204196,0.1155384269235055,0.31575704736656074,0.0031062608062424942,-0.034697193401535625,0.14297814471535347,-0.19196912487473367,0.11553157809374219,0.3157529635142951,0.0031059737585400695,-0.021509101085661914,0.12758807990461235,-0.2689331545837093,0.09124514550224312,0.25563871112625586,0.00282092028905961,-0.018714064069494836,0.12282589165668106,-0.3036442185078066,0.08459990710623828,0.24457448490473896,0.002750155965099568,-0.008827281047485931,0.10863636107846232,-0.3964703445951319,0.06700923297997709,0.19019643537314343,0.0027962996825855336,0.000893018251962353,0.09279096709278337,-0.5236321969129921,0.05075028512266129,0.11960350823953343,0.003591808982141775,0.001429630198892677,0.08362196031538274,-0.6091562505168514,0.06918792370646472,0.11333686202119274,0.006485166847098541
2026-05-06,7695.182282749997,0.6191780821917808,182,0.15507233629869704,False,-0.034349951689234715,0.14274671969714356,-0.18791255245521077,0.10161262994324385,0.31648028491205593,0.002813839620133947,-0.03434927390968585,0.1427444078062556,-0.18791448625190485,0.10161933640395861,0.316477814760217,0.00281389842914966,-0.03434418417261792,0.14381577569017245,-0.1864659482373834,0.09800956658189716,0.3154097230817835,0.002871651314999237,-0.018282292132490108,0.12103939121140148,-0.3161353178346811,0.06942596451879825,0.24812847376705227,0.0026872750670510863,-0.00910297569738837,0.10785457810865125,-0.3913425745996434,0.05880762764665063,0.19449954918151108,0.0029425788187609245,0.0007256413107754435,0.0907054668443304,-0.5221113633762923,0.04816819698738008,0.12043849278040436,0.004128778171217605,0.0013168258525871092,0.08143900889321967,-0.6084672753052731,0.06829700759229371,0.11329866085686512,0.008005360734877221
2026-05-07,7705.492588395924,0.6164383561643836,191,0.1554089275527308,False,-0.033763585991755975,0.14021815587321576,-0.1861677047646736,0.09794418899938157,0.3159905292207429,0.0026557224049194215,-0.033763920519374636,0.14021857941984403,-0.18616722457428447,0.0979442262999497,0.31599182628475825,0.0026557209727151457,-0.03376687514237546,0.1402226551431069,-0.18616284156075305,0.09794310687676365,0.31600301135175707,0.0026556993259763306,-0.01794852526014663,0.11794125555139943,-0.31564747868895204,0.06844782615507711,0.24862204991085546,0.002624783873085294,-0.00933144510837936,0.10637677569940199,-0.3890557293364735,0.053912263760124195,0.19805602626530658,0.002772444449376589,0.0006752616924712978,0.08861274983873181,-0.520425881805361,0.045664992661163695,0.1213787318902656,0.004092863733607911,0.00124537012213052,0.07923180221738475,-0.6077681434702007,0.06746945942572735,0.11330524147761306,0.008197459679855738
2026-05-08,7658.521904827395,0.6136986301369863,191,0.16023331862314918,False,-0.11439484871187838,0.23488747860156878,0.1324953429599788,0.25740394626088486,0.5323495724673375,0.00351636730353209,-0.03428428286129059,0.14383256693377153,-0.18715445110051268,0.09973416039890974,0.31542438484645924,0.00297984811184926,-0.03416736545067355,0.1410224558626383,-0.20518049496990848,0.1000377065335483,0.3204981679436324,0.0027280405137231705,-0.01957861107349298,0.12139483291158944,-0.330777903803704,0.0674002952483582,0.26179646175110194,0.002602999435181292,-0.009646305208755394,0.10878926235576167,-0.3981507691880133,0.05540409545087858,0.20277914720096918,0.00291368567874467,0.0009066297762237822,0.09150202460103721,-0.5206846487826595,0.04484947796544593,0.12299005331381403,0.004086476670087754,0.0013665931895301031,0.08191712709046337,-0.6073106167452783,0.06696134883908993,0.11351106598131604,0.007453699569827116
2026-05-11,7718.440591333725,0.6054794520547945,191,0.1600825332334546,False,-0.033906966051243465,0.14320970447162265,-0.18654562983343043,0.09846903427148133,0.31562051096230453,0.00252789666074967,-0.03390728864986671,0.14321011338053394,-0.18654513042768536,0.09846898452245463,0.31562182847606773,0.00252789480881013,-0.0339102602627702,0.1432133898091397,-0.18654187071595923,0.09846867346792447,0.31563572466613193,0.0025278459559528463,-0.020745152875218494,0.12301192293905099,-0.32849327941451983,0.06299564493554934,0.2711123878979929,0.002332558861402228,-0.009840907434962522,0.10897031274721466,-0.39976511943997184,0.05239427915183745,0.2070753910264376,0.002671941991643615,0.001011874298243922,0.0913648714946417,-0.5202336241586436,0.043322659828350735,0.12440140686249884,0.004134017469609178,0.0014457967741566,0.08186540689710457,-0.6066829552424425,0.06632366184470403,0.11369992831444618,0.007962178149167312
2026-05-12,7714.874458551298,0.6027397260273972,191,0.15958135245088118,False,-0.0337726367784733,0.14206038140827054,-0.18639045563955312,0.09825633643913292,0.315927224720248,0.002550066308312968,-0.0337729266698139,0.14206073003160696,-0.18638994642488269,0.09825628923752995,0.3159285264467627,0.002550063766356287,-0.03377581481559415,0.14206387730072076,-0.18638666300914936,0.09825605557456307,0.3159421659787946,0.0025500192312667485,-0.0218907936316671,0.1241701636980256,-0.3179570987247216,0.06267799410981442,0.27656169531872526,0.0024761524749852886,-0.01021682348729129,0.10885524484504379,-0.4001706473237109,0.04981180161736631,0.21044538904175364,0.0027435236701470714,0.000921076238204189,0.09085676320386825,-0.5197616456535561,0.041635408083658024,0.12552716895573382,0.004133254095951521,0.0014746694061266513,0.08110700903328587,-0.6060319175986785,0.0656244663989549,0.11383133585872968,0.00805261495890003
2026-05-13,7750.0,0.6,191,0.16503782269999998,False,-0.033754515240236184,0.14308628487200478,-0.1865882127703228,0.09842828483386995,0.31588266272685955,0.0025185820508374012,-0.03375479589803813,0.14308660587805463,-0.18658769143305134,0.09842824493999211,0.31588399748800244,0.0025185751443039185,-0.03375760535642089,0.14308952434597466,-0.18658428050301723,0.09842802114964266,0.31589792246632187,0.0025185000198702577,-0.02317700518549132,0.12703733081247204,-0.3135826710793307,0.06140496428177058,0.28421910593599486,0.0023947145154836697,-0.010469084853740247,0.11058899257211839,-0.401670898580154,0.04704488051834069,0.21425006471152389,0.0026927246303277844,0.0010274254471861531,0.09218270893304026,-0.5192239255629683,0.03999424703382157,0.1270007813841599,0.0042071778650261335,0.0015709941821089987,0.08214100072907132,-0.6054307107194926,0.06498403398664375,0.1140311682245791,0.0083323775709489
2026-05-14,7913.409426685291,0.5972602739726027,191,0.15728078039595353,False,-0.07280232510863642,0.17631724663223305,-0.13501769022118176,0.09678260186636183,0.4780196533293532,0.002392529995990435,-0.07273564576235064,0.17625351264374922,-0.13503839153271907,0.0968134485809713,0.4778113524019872,0.0023926824112905872,-0.030138807779038615,0.13211851341343012,-0.3321164990906094,0.03326249826932305,0.3311518332288267,0.002205375997727974,-0.02508397919985335,0.12775024144824337,-0.31914715907520347,0.04201868539100151,0.2979410437070786,0.002281822682245666,-0.011186066461005423,0.10982080016505726,-0.39645770410892855,0.0352559494183104,0.21879673624414128,0.003061933966013146,0.0005459239459570572,0.08958734730647439,-0.5173220578082501,0.03565508950417611,0.1279218113248334,0.005397484533794304,0.0013836266777372166,0.07884335859093013,-0.6047150583361829,0.06388381401192174,0.11399594266456925,0.00993588448125168
2026-05-15,7625.477002380851,0.5945205479452055,191,0.16766086501958571,True,-0.07298432590310967,0.17656733788250864,-0.14468345486136414,0.12034466920738657,0.4773224147330444,0.003208248161012467,-0.07292707012070232,0.17653000643952346,-0.1446913986572424,0.12033313528282628,0.4770990847503716,0.003205822363359296,-0.030913387843154307,0.13294463664486714,-0.3395168383999283,0.05891534543145058,0.33348679985221363,0.0030348222567989666,-0.025572372933445227,0.12868974612878084,-0.32674546463090576,0.06630837506064254,0.2987036823789861,0.0025819223872012697,-0.011552595323133711,0.11249005503917248,-0.41504828616475703,0.04653481218207302,0.22267333164688954,0.0030298080676726853,0.0008263664125100186,0.0946769583222828,-0.5198335802375935,0.037013175551727354,0.1297866110539257,0.004567980963170956,0.001597244705413391,0.08376081572619468,-0.604379705095761,0.06357583252721563,0.11429887517367456,0.006977537343185422
2026-05-18,7789.711788636118,0.5863013698630137,191,0.15367860138447936,False,-0.07308886785559217,0.17618090301084205,-0.13368826093694916,0.09766921729081224,0.47550489383752315,0.0028342968915076043,-0.0730301088819292,0.17613316689091701,-0.1337065611509571,0.09768244357295525,0.47529305158370255,0.002833185717893212,-0.0306971655975161,0.13173062356734352,-0.3308330350249088,0.03521321563863975,0.3297480862334049,0.002694250812362193,-0.027174471950001864,0.12954739629410986,-0.29523879852472446,0.05069223709395634,0.3011218258024951,0.0023336473696591816,-0.01233537172446764,0.10947599570121501,-0.40293786360330175,0.03554082680041566,0.2237481969655152,0.0027578629948804855,-1.2687928318836748e-05,0.08948862983011775,-0.5182876646051373,0.03328349339228153,0.12983340187171788,0.00459095432117856,0.0012796223104095188,0.07809396476001035,-0.603565881830713,0.06236233119161144,0.11410790406146047,0.009443838087821333
2026-05-19,7649.031158161798,0.5835616438356165,191,0.1567155531088249,False,-0.03452099161426632,0.14219053592364578,-0.18650457012157087,0.0986311576804812,0.31566596878929615,0.0025795950826901053,-0.03452627195553192,0.14219888294681512,-0.1865037568823427,0.09863153384894177,0.3156754803272182,0.002579441500034862,-0.034519919744493095,0.1421898087793134,-0.1865098883180183,0.09860385114792716,0.3156826057251361,0.00257997794225079,-0.027276033114084573,0.13022765594538138,-0.290343803318754,0.06763303336084571,0.29858016562877204,0.0026418411456833953,-0.012552827687420979,0.11134344742554197,-0.4096652476803929,0.041687399948911456,0.2253774570714808,0.0029162415873873245,8.820596327836134e-06,0.09273678764753436,-0.5193266016016249,0.03344094154281954,0.13098029186178703,0.004119604499369456,0.0012817242963707404,0.08095760709391994,-0.6031695359870795,0.06176196011626915,0.11415150013469376,0.0074543635822970095
2026-05-20,7750.460757822005,0.5808219178082191,191,0.15828461123478096,False,-0.12365452475236434,0.24286109838793668,0.1474763348939716,0.2517050454801821,0.5535761076257332,0.00308484017600782,-0.034539560291777904,0.1420814180610769,-0.18402202838364937,0.08901022444750882,0.3171734518094881,0.0025065539179677395,-0.03453885642200869,0.14206654560112292,-0.1840473777250966,0.08906015393540767,0.3171856222070623,0.002505810509896512,-0.028164850042524284,0.13132447727807994,-0.27719822772590536,0.061375030759633936,0.3027920717991294,0.0023423233097925244,-0.012749873812564892,0.11055137100541806,-0.40443980750810493,0.037005062684675766,0.2276278296562469,0.002630525052445069,-0.00013504956636947423,0.09116469242008214,-0.518522922226904,0.03150741694102153,0.13195260230750658,0.004183977210625395,0.0011716380595077243,0.07953736081972289,-0.6025517782389717,0.0608670710577799,0.11412300904263235,0.008689962938844121
2026-05-21,7722.607640128107,0.5780821917808219,191,0.1544142388985166,False,-0.12308114130620007,0.24130826011425027,0.14814140531863226,0.2513230396999201,0.5542399863129429,0.00298819689443244,-0.03426386698980687,0.1406238458436298,-0.1838493286391448,0.08882842372224509,0.3175843828528966,0.002569741551169772,-0.034263222236028304,0.1406095290891548,-0.1838729900442757,0.08887313665141693,0.31759591311367125,0.0025675444094806618,-0.0285770779922898,0.13015135636485495,-0.27430189265328514,0.06388148712795003,0.3068029639729711,0.0024153073936554275,-0.01294777736324895,0.10970019088991444,-0.40424593894413613,0.036460712769690436,0.23014741230340177,0.0027527866999553035,-0.00020631362833483887,0.09039259336344112,-0.5182341746016158,0.030338316609272484,0.13297061853913378,0.004215386160153857,0.0011080062452044378,0.07880450418108717,-0.6019621627590873,0.06009132088581132,0.11414680288484724,0.008371138984619903
2026-05-22,7772.933399113373,0.5753424657534246,191,0.15382983695643193,False,-0.12325636860226201,0.24118936999954688,0.14816203954524537,0.2513024710984179,0.5542081978972131,0.002993295457647904,-0.07243877444061658,0.17417180844725516,-0.13645978664236172,0.09906644349075287,0.47660202086630127,0.002738083079254833,-0.03442655000561131,0.14071786343546436,-0.18360358179351258,0.08619365098538641,0.3185438588244869,0.0025465091664677053,-0.02856450402046045,0.12964238025230304,-0.27413613439537154,0.06345447804136227,0.30690352713677554,0.0024770998084625503,-0.013371899659156855,0.11049566056642907,-0.40219510225556304,0.032927038111982665,0.23255919323642912,0.002769143445518969,-0.0003630876432395768,0.09047525218929665,-0.5176694524205088,0.028481613590341185,0.13396630847018556,0.004456528121123037,0.0010235314898892492,0.07860700885668241,-0.6013921192533103,0.05924644478548992,0.11415363588465231,0.008955692245323396
2026-05-26,7882.581331974885,0.5643835616438356,191,0.15506162560094466,False,-0.13585010294829597,0.24269053451414588,0.11880576096467346,0.22886281406804507,0.6029770637705356,0.0025169959257391257,-0.07161330929048676,0.17276573463056707,-0.13211353072228924,0.08992337927707271,0.47582177127031366,0.0023616561657741563,-0.0345994228641383,0.14038316042373422,-0.18090012212560344,0.07501566549202143,0.3210655177192576,0.0025800211486437653,-0.030419503493037733,0.1317555627277283,-0.2697407543694533,0.04787070987015868,0.3186794646146653,0.002223646508568546,-0.013665316173998288,0.10982874735537276,-0.3944528356460036,0.02536129785502142,0.23568904123717635,0.0027729671647426083,-0.0005443738912768774,0.08860441435974692,-0.5156757309042261,0.025189475376293236,0.13493781874090646,0.005026144751351679,0.0008658647799984303,0.07655230448944318,-0.600712568106229,0.058229069115122906,0.11412120206279501,0.010318096146501863
2026-05-27,7839.257948409844,0.5616438356164384,191,0.15467212147657308,False,-0.07180495265050152,0.17204710876189927,-0.1340285514929303,0.093663275989301,0.47800396639937276,0.002514383050435886,-0.07179553189336381,0.17204223753276437,-0.13402000246518342,0.09366297550099667,0.47796271288671555,0.002513923413371032,-0.03453961826184607,0.14046911882369464,-0.1809267603683874,0.07506619103075238,0.32107627209479106,0.002829540014939373,-0.03173657941351082,0.13227652049283287,-0.27646925809085743,0.04828127878887875,0.32776817370037753,0.002297019991502713,-0.014026721403149416,0.11041139473070184,-0.3975897958747696,0.02436420939727288,0.23884410998736189,0.002787489670305757,-0.0005843746470998692,0.08933611029381112,-0.5148793659556391,0.02317554415655775,0.13610496510648556,0.004691743869821647,0.0008068429162332963,0.07696701877586434,-0.6001077205368681,0.05738200794564241,0.11416646712671698,0.009767803778040244
2026-05-28,7875.071035203341,0.5589041095890411,191,0.15702950746971892,False,-0.07113454454691039,0.1711113861063123,-0.13323646461541616,0.09203659876476329,0.47655362531980217,0.0024050870006216327,-0.07112596412989246,0.17110625071279828,-0.13322800639375315,0.09203984002209344,0.47651668435086414,0.0024048339498740382,-0.0345126051757068,0.13978189889600567,-0.18090250844604455,0.07504353772028124,0.321335835007218,0.002834896251398896,-0.03296848882475028,0.13259311905800664,-0.279751484600276,0.04512240881605737,0.3369433546625442,0.0023132156589467825,-0.014391624116717523,0.11036019044142577,-0.3982591056658355,0.02202991623823854,0.24232639997771033,0.002828607442928961,-0.0006687673844973426,0.0891634848943502,-0.5141002725671399,0.021125033535665527,0.13730040164225593,0.004813553026468509,0.0007333095300478739,0.07668153430455618,-0.5995149680433708,0.05651957215171557,0.11420472197395493,0.009904239449861149
2026-05-29,7839.257081202579,0.5561643835616439,197,0.15322823816998363,False,-0.1393236416037181,0.24874907836800692,0.1648161344444668,0.267722791438129,0.6031039677046247,0.0028152098768015783,-0.07138112799084159,0.16914090787856442,-0.13596261982894606,0.0987784866184733,0.4799557716920767,0.0025899313330041644,-0.034848115687141065,0.1373598232642946,-0.18460511835448137,0.08423375001990821,0.3244647360800132,0.0026222281634656897,-0.033717475974966674,0.13172180475751963,-0.28183951430413384,0.05070440814153792,0.3406084747400751,0.0023562307308824582,-0.01483928181490824,0.10945731187969784,-0.40557589404211325,0.024707868256141945,0.24491972370059897,0.0028005598527706846,-0.0008922246586052458,0.08915907430216849,-0.515044168077388,0.020408675199097687,0.13827765671938486,0.004563827466277527,0.0006875474002369563,0.07651260987106638,-0.5990156489153831,0.05577350473716931,0.1142715005803668,0.00874269818945506
2026-06-01,7921.222605872406,0.547945205479452,197,0.15171385167762694,False,-0.0717407163822651,0.17079666499665955,-0.13349510749750473,0.09448101010409121,0.4775852409110925,0.002572739414698864,-0.07173264270331743,0.17079035182461014,-0.1334882972919115,0.09448837989034732,0.4775536076288674,0.00257263012665947,-0.03500485795063301,0.13729236415910215,-0.1845992816994698,0.08421157393120374,0.3244494524237021,0.0027000608666106164,-0.03387086862159214,0.1316494413578685,-0.28183473678262466,0.050688066207677455,0.34059141477500504,0.0024998282567522626,-0.015293960917556129,0.11026982370727753,-0.4049706634947394,0.022325845828919024,0.24673114647490793,0.0026874969011982737,-0.0011603424250765104,0.08965858089886079,-0.5152100920615564,0.018873421997744867,0.1391342896951853,0.00454284826237296,0.0005733541924658323,0.07664852304862567,-0.598556790980335,0.05492308366867072,0.11426699308027058,0.00934374452533914
